sent.seconds;sent.microseconds;received.seconds;received.microseconds;sampleTimeStamp.seconds;sampleTimeStamp.microseconds;lat;lon
1584853141;6894;1584853141;6943;1584853141;6085;57.709782196;11.919525403
1584853141;57016;1584853141;57066;1584853141;55846;57.709781909;11.919517272
1584853141;106729;1584853141;106762;1584853141;105912;57.709781621;11.919509159
1584853141;156833;1584853141;156876;1584853141;155975;57.709781335;11.919501064
1584853141;207091;1584853141;207142;1584853141;205965;57.709781047;11.919492987
1584853141;256863;1584853141;256915;1584853141;255986;57.709780756;11.919484929
1584853141;306760;1584853141;306788;1584853141;305904;57.709780465;11.919476887
1584853141;356573;1584853141;356611;1584853141;355921;57.709780173;11.919468863
1584853141;406681;1584853141;406708;1584853141;405935;57.709779883;11.919460858
1584853141;456545;1584853141;456572;1584853141;455886;57.70977959;11.919452872
1584853141;506831;1584853141;506887;1584853141;505926;57.709779295;11.919444905
1584853141;556532;1584853141;556587;1584853141;555896;57.709779002;11.919436958
1584853141;606580;1584853141;606621;1584853141;605939;57.70977871;11.91942903
1584853141;657472;1584853141;657590;1584853141;655973;57.70977842;11.919421123
1584853141;706562;1584853141;706589;1584853141;705870;57.709778127;11.919413234
1584853141;756573;1584853141;756612;1584853141;755921;57.709777836;11.919405364
1584853141;807042;1584853141;807094;1584853141;805969;57.709777547;11.919397513
1584853141;857204;1584853141;857264;1584853141;856037;57.709777259;11.91938968
1584853141;906820;1584853141;906849;1584853141;905988;57.709776971;11.919381866
1584853141;956728;1584853141;956761;1584853141;955924;57.709776683;11.919374069
1584853142;6980;1584853142;7028;1584853142;6134;57.709776398;11.919366288
1584853142;56989;1584853142;57039;1584853142;56006;57.709776122;11.919358522
1584853142;107181;1584853142;107238;1584853142;105944;57.709775848;11.919350773
1584853142;156871;1584853142;156900;1584853142;155970;57.709775574;11.919343044
1584853142;206589;1584853142;206630;1584853142;205964;57.7097753;11.919335334
1584853142;256983;1584853142;257030;1584853142;255972;57.709775031;11.919327644
1584853142;306983;1584853142;307032;1584853142;305965;57.709774768;11.919319977
1584853142;356604;1584853142;356646;1584853142;355886;57.70977451;11.919312335
1584853142;407117;1584853142;407169;1584853142;405987;57.709774258;11.919304715
1584853142;456866;1584853142;456910;1584853142;455915;57.70977401;11.919297117
1584853142;506810;1584853142;506853;1584853142;505917;57.709773767;11.919289541
1584853142;556744;1584853142;556775;1584853142;555927;57.709773532;11.919281988
1584853142;606628;1584853142;606658;1584853142;605926;57.709773307;11.919274462
1584853142;656556;1584853142;656583;1584853142;655908;57.709773088;11.919266966
1584853142;706801;1584853142;706850;1584853142;705920;57.709772877;11.9192595
1584853142;757141;1584853142;757190;1584853142;756032;57.709772676;11.919252067
1584853142;806989;1584853142;807043;1584853142;805937;57.709772487;11.919244665
1584853142;856742;1584853142;856774;1584853142;855922;57.709772309;11.919237297
1584853142;906591;1584853142;906633;1584853142;905907;57.709772143;11.919229962
1584853142;956774;1584853142;956823;1584853142;955949;57.709771989;11.91922266
1584853143;6830;1584853143;6858;1584853143;6158;57.70977185;11.919215392
1584853143;56646;1584853143;56685;1584853143;55842;57.709771722;11.919208155
1584853143;106577;1584853143;106613;1584853143;105930;57.709771609;11.919200944
1584853143;156862;1584853143;156899;1584853143;156031;57.70977151;11.919193757
1584853143;206823;1584853143;206868;1584853143;205954;57.709771422;11.919186595
1584853143;256918;1584853143;256983;1584853143;256038;57.709771349;11.919179458
1584853143;307333;1584853143;307386;1584853143;306028;57.709771292;11.919172348
1584853143;356558;1584853143;356591;1584853143;355902;57.70977125;11.919165262
1584853143;407100;1584853143;407145;1584853143;406024;57.709771223;11.919158203
1584853143;457085;1584853143;457142;1584853143;455940;57.709771207;11.919151171
1584853143;506663;1584853143;506696;1584853143;505912;57.709771205;11.919144166
1584853143;556877;1584853143;556923;1584853143;555924;57.70977122;11.91913719
1584853143;606761;1584853143;606801;1584853143;605926;57.709771249;11.919130241
1584853143;657167;1584853143;657252;1584853143;655987;57.709771292;11.919123322
1584853143;706763;1584853143;706792;1584853143;705919;57.709771347;11.919116432
1584853143;756789;1584853143;756830;1584853143;755925;57.709771416;11.919109573
1584853143;806789;1584853143;806817;1584853143;805932;57.7097715;11.919102746
1584853143;856740;1584853143;856794;1584853143;855909;57.709771602;11.919095949
1584853143;906990;1584853143;907032;1584853143;905935;57.70977172;11.919089184
1584853143;956772;1584853143;956810;1584853143;955932;57.709771856;11.91908245
1584853144;6794;1584853144;6824;1584853144;6128;57.709772005;11.919075748
1584853144;56888;1584853144;56926;1584853144;55965;57.70977215;11.919069079
1584853144;106736;1584853144;106778;1584853144;105939;57.709772313;11.919062442
1584853144;156670;1584853144;156697;1584853144;155985;57.709772497;11.919055837
1584853144;207015;1584853144;207068;1584853144;205947;57.709772702;11.919049264
1584853144;256852;1584853144;256909;1584853144;255927;57.709772927;11.919042722
1584853144;307230;1584853144;307285;1584853144;306039;57.709773172;11.919036212
1584853144;356775;1584853144;356827;1584853144;355939;57.709773438;11.919029729
1584853144;406720;1584853144;406764;1584853144;405974;57.709773726;11.91902327
1584853144;456889;1584853144;456943;1584853144;456030;57.709774038;11.919016836
1584853144;506932;1584853144;506966;1584853144;505990;57.709774374;11.919010429
1584853144;556728;1584853144;556766;1584853144;555938;57.709774734;11.919004051
1584853144;606792;1584853144;606840;1584853144;605990;57.709775117;11.918997702
1584853144;657028;1584853144;657068;1584853144;656030;57.709775526;11.918991384
1584853144;706763;1584853144;706810;1584853144;705903;57.709775965;11.918985097
1584853144;756827;1584853144;756857;1584853144;755979;57.709776427;11.918978835
1584853144;807475;1584853144;807537;1584853144;806070;57.709776914;11.918972602
1584853144;857034;1584853144;857085;1584853144;855980;57.709777424;11.918966398
1584853144;906723;1584853144;906759;1584853144;905942;57.709777964;11.918960225
1584853144;957391;1584853144;957449;1584853144;956055;57.709778533;11.918954081
1584853145;7075;1584853145;7130;1584853145;6128;57.709779127;11.918947965
1584853145;56586;1584853145;56657;1584853145;55843;57.709779727;11.918941876
1584853145;106985;1584853145;107028;1584853145;105981;57.709780358;11.918935825
1584853145;156840;1584853145;156893;1584853145;156018;57.709781021;11.918929812
1584853145;206565;1584853145;206604;1584853145;205933;57.709781711;11.918923836
1584853145;257023;1584853145;257067;1584853145;256035;57.70978243;11.918917896
1584853145;307040;1584853145;307091;1584853145;305995;57.709783179;11.918911994
1584853145;357141;1584853145;357190;1584853145;355995;57.709783955;11.918906128
1584853145;407042;1584853145;407095;1584853145;406010;57.709784754;11.918900295
1584853145;456942;1584853145;456984;1584853145;455942;57.709785579;11.918894497
1584853145;506816;1584853145;506858;1584853145;505949;57.709786432;11.918888733
1584853145;556824;1584853145;556875;1584853145;555937;57.709787312;11.918882999
1584853145;606733;1584853145;606766;1584853145;605952;57.709788218;11.918877294
1584853145;657008;1584853145;657056;1584853145;656013;57.709789149;11.918871618
1584853145;707012;1584853145;707092;1584853145;705961;57.709790106;11.918865973
1584853145;757134;1584853145;757182;1584853145;755999;57.709791088;11.91886036
1584853145;807074;1584853145;807115;1584853145;806021;57.709792096;11.918854781
1584853145;856986;1584853145;857040;1584853145;855963;57.709793129;11.918849233
1584853145;906667;1584853145;906695;1584853145;905963;57.709794186;11.918843713
1584853145;956671;1584853145;956717;1584853145;955953;57.709795268;11.918838224
1584853146;7154;1584853146;7206;1584853146;6195;57.709796374;11.918832759
1584853146;56924;1584853146;56970;1584853146;55981;57.709797464;11.918827275
1584853146;106745;1584853146;106781;1584853146;105949;57.709798577;11.918821821
1584853146;157555;1584853146;157631;1584853146;156029;57.709799714;11.918816399
1584853146;206798;1584853146;206850;1584853146;205955;57.709800875;11.918811007
1584853146;256581;1584853146;256622;1584853146;255936;57.709802059;11.918805648
1584853146;306953;1584853146;306980;1584853146;306013;57.709803267;11.91880032
1584853146;356889;1584853146;356943;1584853146;355939;57.709804494;11.918795014
1584853146;406616;1584853146;406651;1584853146;405962;57.709805737;11.918789732
1584853146;456970;1584853146;457015;1584853146;456021;57.709806997;11.918784475
1584853146;506778;1584853146;506828;1584853146;505939;57.709808274;11.918779247
1584853146;557206;1584853146;557251;1584853146;556030;57.709809564;11.918774046
1584853146;607193;1584853146;607222;1584853146;605935;57.709810866;11.918768868
1584853146;657083;1584853146;657128;1584853146;656177;57.709812178;11.918763712
1584853146;706537;1584853146;706564;1584853146;705877;57.709813501;11.918758579
1584853146;756906;1584853146;756937;1584853146;755978;57.709814837;11.918753473
1584853146;807108;1584853146;807138;1584853146;805955;57.709816186;11.918748391
1584853146;856782;1584853146;856829;1584853146;855985;57.709817546;11.918743328
1584853146;906862;1584853146;906897;1584853146;906013;57.709818914;11.918738282
1584853146;957387;1584853146;957450;1584853146;956099;57.709820291;11.918733255
1584853147;6965;1584853147;7002;1584853147;6168;57.709821675;11.918728243
1584853147;56990;1584853147;57044;1584853147;55877;57.709823041;11.918723181
1584853147;106698;1584853147;106743;1584853147;105939;57.709824407;11.918718131
1584853147;156838;1584853147;156867;1584853147;156003;57.709825775;11.918713097
1584853147;206988;1584853147;207031;1584853147;205951;57.709827143;11.918708078
1584853147;257184;1584853147;257234;1584853147;256068;57.70982851;11.918703071
1584853147;306992;1584853147;307040;1584853147;306013;57.709829871;11.918698073
1584853147;357019;1584853147;357057;1584853147;356021;57.709831226;11.918693086
1584853147;406805;1584853147;406852;1584853147;405998;57.709832572;11.918688108
1584853147;456850;1584853147;456906;1584853147;455973;57.70983391;11.918683143
1584853147;506854;1584853147;506889;1584853147;505968;57.709835239;11.918678191
1584853147;556817;1584853147;556865;1584853147;555941;57.709836553;11.918673247
1584853147;606614;1584853147;606643;1584853147;605948;57.70983785;11.918668306
1584853147;657188;1584853147;657237;1584853147;656050;57.709839131;11.918663369
1584853147;706778;1584853147;706806;1584853147;705917;57.709840396;11.918658434
1584853147;757099;1584853147;757146;1584853147;756041;57.709841643;11.918653501
1584853147;807157;1584853147;807214;1584853147;805958;57.709842872;11.918648568
1584853147;856903;1584853147;856961;1584853147;855945;57.709844079;11.918643638
1584853147;906696;1584853147;906730;1584853147;905944;57.709845259;11.918638708
1584853147;956897;1584853147;956930;1584853147;955943;57.709846409;11.91863378
1584853148;6940;1584853148;6976;1584853148;6129;57.70984753;11.918628859
1584853148;56761;1584853148;56809;1584853148;55963;57.70984864;11.918623981
1584853148;106866;1584853148;106922;1584853148;105977;57.709849711;11.918619103
1584853148;157179;1584853148;157222;1584853148;156103;57.709850743;11.918614226
1584853148;207007;1584853148;207059;1584853148;206046;57.709851737;11.918609351
1584853148;257220;1584853148;257280;1584853148;256035;57.70985269;11.918604476
1584853148;306932;1584853148;306962;1584853148;305978;57.7098536;11.918599604
1584853148;356772;1584853148;356801;1584853148;355953;57.709854465;11.918594731
1584853148;407026;1584853148;407069;1584853148;405977;57.709855284;11.91858986
1584853148;456874;1584853148;456922;1584853148;455964;57.70985606;11.918584997
1584853148;506719;1584853148;506771;1584853148;505941;57.709856793;11.91858014
1584853148;557241;1584853148;557290;1584853148;556038;57.709857481;11.918575293
1584853148;606757;1584853148;606807;1584853148;605958;57.709858116;11.918570451
1584853148;656873;1584853148;656921;1584853148;655952;57.709858707;11.91856562
1584853148;706758;1584853148;706791;1584853148;705931;57.709859259;11.918560798
1584853148;757008;1584853148;757052;1584853148;755954;57.709859768;11.918555984
1584853148;807171;1584853148;807199;1584853148;806070;57.709860229;11.918551177
1584853148;856986;1584853148;857034;1584853148;855948;57.709860646;11.918546382
1584853148;906801;1584853148;906828;1584853148;905997;57.70986102;11.918541594
1584853148;957085;1584853148;957129;1584853148;956013;57.709861353;11.918536822
1584853149;7061;1584853149;7106;1584853149;6154;57.709861649;11.918532085
1584853149;56737;1584853149;56783;1584853149;55916;57.709861984;11.918527548
1584853149;106618;1584853149;106646;1584853149;105967;57.709862268;11.918523009
1584853149;156866;1584853149;156905;1584853149;156026;57.709862503;11.918518475
1584853149;206689;1584853149;206721;1584853149;205965;57.709862691;11.918513944
1584853149;256816;1584853149;256846;1584853149;255951;57.709862831;11.918509418
1584853149;307122;1584853149;307155;1584853149;306029;57.709862917;11.918504894
1584853149;357011;1584853149;357051;1584853149;355993;57.709862953;11.918500378
1584853149;406817;1584853149;406849;1584853149;405993;57.709862945;11.918495871
1584853149;457091;1584853149;457138;1584853149;456024;57.70986289;11.918491375
1584853149;506688;1584853149;506715;1584853149;505998;57.709862786;11.918486894
1584853149;556950;1584853149;557003;1584853149;555982;57.709862628;11.91848243
1584853149;607208;1584853149;607268;1584853149;606086;57.709862417;11.91847798
1584853149;656764;1584853149;656795;1584853149;655949;57.70986216;11.918473545
1584853149;706581;1584853149;706643;1584853149;705920;57.709861854;11.918469125
1584853149;756751;1584853149;756794;1584853149;755985;57.709861495;11.918464721
1584853149;807127;1584853149;807177;1584853149;806037;57.709861086;11.918460334
1584853149;856660;1584853149;856687;1584853149;855985;57.709860632;11.918455963
1584853149;907371;1584853149;907432;1584853149;906040;57.70986013;11.918451612
1584853149;957130;1584853149;957181;1584853149;955986;57.70985958;11.91844728
1584853150;7644;1584853150;7718;1584853150;6231;57.709858988;11.918442964
1584853150;56895;1584853150;56948;1584853150;55984;57.709858417;11.918438633
1584853150;106664;1584853150;106693;1584853150;105960;57.709857796;11.918434327
1584853150;156873;1584853150;156901;1584853150;156000;57.709857123;11.918430049
1584853150;207081;1584853150;207134;1584853150;205999;57.709856401;11.9184258
1584853150;257073;1584853150;257119;1584853150;256000;57.709855628;11.918421584
1584853150;306973;1584853150;307003;1584853150;306007;57.709854804;11.918417402
1584853150;356817;1584853150;356847;1584853150;355963;57.709853931;11.918413257
1584853150;407220;1584853150;407269;1584853150;406039;57.709853011;11.918409149
1584853150;456784;1584853150;456812;1584853150;455974;57.709852043;11.918405084
1584853150;506924;1584853150;506968;1584853150;506002;57.709851029;11.918401063
1584853150;556700;1584853150;556739;1584853150;555999;57.709849967;11.918397088
1584853150;606841;1584853150;606895;1584853150;606011;57.709848859;11.918393159
1584853150;656988;1584853150;657030;1584853150;655958;57.709847706;11.918389275
1584853150;706786;1584853150;706833;1584853150;705943;57.709846508;11.918385439
1584853150;756838;1584853150;756872;1584853150;755976;57.709845267;11.918381653
1584853150;807338;1584853150;807383;1584853150;806149;57.709843983;11.918377922
1584853150;856923;1584853150;856972;1584853150;855995;57.709842653;11.918374251
1584853150;906644;1584853150;906672;1584853150;905957;57.70984128;11.918370639
1584853150;956708;1584853150;956739;1584853150;955924;57.709839863;11.918367085
1584853151;7217;1584853151;7268;1584853151;6186;57.709838397;11.918363583
1584853151;56571;1584853151;56609;1584853151;55921;57.709836838;11.918360076
1584853151;107218;1584853151;107266;1584853151;106049;57.709835238;11.918356631
1584853151;156662;1584853151;156690;1584853151;155973;57.7098336;11.918353248
1584853151;206965;1584853151;207007;1584853151;206018;57.709831924;11.918349931
1584853151;256923;1584853151;256968;1584853151;256013;57.709830207;11.918346686
1584853151;307026;1584853151;307059;1584853151;305967;57.70982845;11.918343516
1584853151;356917;1584853151;356964;1584853151;355967;57.709826655;11.918340419
1584853151;407055;1584853151;407106;1584853151;406003;57.709824824;11.918337396
1584853151;456879;1584853151;456923;1584853151;456038;57.709822958;11.918334449
1584853151;506875;1584853151;506905;1584853151;505998;57.709821059;11.918331579
1584853151;556989;1584853151;557029;1584853151;555974;57.709819128;11.918328785
1584853151;606724;1584853151;606751;1584853151;606028;57.709817167;11.918326068
1584853151;656985;1584853151;657039;1584853151;656027;57.709815174;11.918323432
1584853151;707114;1584853151;707156;1584853151;706002;57.70981315;11.918320883
1584853151;756928;1584853151;756971;1584853151;755986;57.709811096;11.918318422
1584853151;807108;1584853151;807157;1584853151;806043;57.709809012;11.91831605
1584853151;857872;1584853151;857953;1584853151;856053;57.709806899;11.918313772
1584853151;906790;1584853151;906833;1584853151;906005;57.709804759;11.91831159
1584853151;956638;1584853151;956678;1584853151;955947;57.709802592;11.918309499
1584853152;7137;1584853152;7176;1584853152;6242;57.709800401;11.918307487
1584853152;57002;1584853152;57055;1584853152;56058;57.709798186;11.918305488
1584853152;106867;1584853152;106903;1584853152;106009;57.709795948;11.918303584
1584853152;156978;1584853152;157026;1584853152;156020;57.709793686;11.918301782
1584853152;206870;1584853152;206903;1584853152;206013;57.709791403;11.918300078
1584853152;257003;1584853152;257078;1584853152;255996;57.709789101;11.918298467
1584853152;307800;1584853152;307881;1584853152;306115;57.70978678;11.918296954
1584853152;356640;1584853152;356668;1584853152;355975;57.70978444;11.918295541
1584853152;406966;1584853152;406995;1584853152;406052;57.709782084;11.918294224
1584853152;456987;1584853152;457035;1584853152;455988;57.709779712;11.918293009
1584853152;506898;1584853152;506934;1584853152;506018;57.709777328;11.918291899
1584853152;556908;1584853152;556947;1584853152;556054;57.709774931;11.918290894
1584853152;607100;1584853152;607149;1584853152;606027;57.709772521;11.918289993
1584853152;657327;1584853152;657373;1584853152;656026;57.709770099;11.918289203
1584853152;706797;1584853152;706826;1584853152;705908;57.709767668;11.918288517
1584853152;756821;1584853152;756886;1584853152;755990;57.709765229;11.918287926
1584853152;807218;1584853152;807260;1584853152;806242;57.709762783;11.918287433
1584853152;856820;1584853152;856872;1584853152;856002;57.70976033;11.918287044
1584853152;907262;1584853152;907334;1584853152;906018;57.709757873;11.918286758
1584853152;956924;1584853152;956973;1584853152;955988;57.709755413;11.918286576
1584853153;6951;1584853153;6979;1584853153;6217;57.709752952;11.918286483
1584853153;56906;1584853153;56954;1584853153;55947;57.709750504;11.918286399
1584853153;106783;1584853153;106837;1584853153;105994;57.709748055;11.918286411
1584853153;156681;1584853153;156708;1584853153;156004;57.709745605;11.918286514
1584853153;207082;1584853153;207133;1584853153;206040;57.709743156;11.918286702
1584853153;257243;1584853153;257331;1584853153;256106;57.709740706;11.918286965
1584853153;307328;1584853153;307371;1584853153;306131;57.709738255;11.918287301
1584853153;356921;1584853153;356967;1584853153;355996;57.709735806;11.918287703
1584853153;406698;1584853153;406749;1584853153;406021;57.709733356;11.918288165
1584853153;456864;1584853153;456914;1584853153;455990;57.709730907;11.918288682
1584853153;506958;1584853153;507007;1584853153;506039;57.709728458;11.918289255
1584853153;556617;1584853153;556662;1584853153;555952;57.709726012;11.918289881
1584853153;607156;1584853153;607196;1584853153;606075;57.709723567;11.918290562
1584853153;656947;1584853153;657000;1584853153;656002;57.709721123;11.918291294
1584853153;706667;1584853153;706697;1584853153;705925;57.709718682;11.918292076
1584853153;756888;1584853153;756925;1584853153;755995;57.709716243;11.918292909
1584853153;807259;1584853153;807302;1584853153;806009;57.709713808;11.918293795
1584853153;856928;1584853153;856980;1584853153;856010;57.709711375;11.918294732
1584853153;906740;1584853153;906769;1584853153;906018;57.709708947;11.918295724
1584853153;956696;1584853153;956736;1584853153;955997;57.709706523;11.918296775
1584853154;7114;1584853154;7165;1584853154;6181;57.709704105;11.918297869
1584853154;57063;1584853154;57105;1584853154;56024;57.709701708;11.918298905
1584853154;106873;1584853154;106905;1584853154;105991;57.709699314;11.918299985
1584853154;156895;1584853154;156944;1584853154;156046;57.709696922;11.918301107
1584853154;206683;1584853154;206716;1584853154;206006;57.709694531;11.918302264
1584853154;256819;1584853154;256856;1584853154;256010;57.709692142;11.918303454
1584853154;307154;1584853154;307189;1584853154;306026;57.709689754;11.918304683
1584853154;356877;1584853154;356910;1584853154;356005;57.709687366;11.918305938
1584853154;407022;1584853154;407065;1584853154;406025;57.709684977;11.918307214
1584853154;457020;1584853154;457081;1584853154;456058;57.709682583;11.918308498
1584853154;506803;1584853154;506832;1584853154;506020;57.709680184;11.918309785
1584853154;556959;1584853154;557007;1584853154;556040;57.709677778;11.918311067
1584853154;606847;1584853154;606883;1584853154;606056;57.709675365;11.918312337
1584853154;656854;1584853154;656884;1584853154;656076;57.709672944;11.91831359
1584853154;706654;1584853154;706682;1584853154;705971;57.709670516;11.918314823
1584853154;756853;1584853154;756904;1584853154;755979;57.709668076;11.918316032
1584853154;807347;1584853154;807391;1584853154;806199;57.709665628;11.918317226
1584853154;856867;1584853154;856918;1584853154;856007;57.709663172;11.918318408
1584853154;906728;1584853154;906770;1584853154;905987;57.709660708;11.91831958
1584853154;956849;1584853154;956878;1584853154;955990;57.709658233;11.918320727
1584853155;7335;1584853155;7388;1584853155;6265;57.709655744;11.918321809
1584853155;57311;1584853155;57387;1584853155;55975;57.7096532;11.918322545
1584853155;106783;1584853155;106832;1584853155;105980;57.709650648;11.918323246
1584853155;157341;1584853155;157415;1584853155;156015;57.709648088;11.918323907
1584853155;206960;1584853155;207008;1584853155;206018;57.709645519;11.918324522
1584853155;257067;1584853155;257117;1584853155;256109;57.70964294;11.918325099
1584853155;307661;1584853155;307729;1584853155;306074;57.709640352;11.918325641
1584853155;356969;1584853155;357022;1584853155;356001;57.709637753;11.918326152
1584853155;406862;1584853155;406889;1584853155;406019;57.709635144;11.918326631
1584853155;457074;1584853155;457121;1584853155;456047;57.709632524;11.918327068
1584853155;506811;1584853155;506865;1584853155;506014;57.709629894;11.918327472
1584853155;557636;1584853155;557689;1584853155;556082;57.709627254;11.91832785
1584853155;606896;1584853155;606947;1584853155;606038;57.709624605;11.918328195
1584853155;656673;1584853155;656700;1584853155;656019;57.709621944;11.918328499
1584853155;706913;1584853155;706957;1584853155;705962;57.709619271;11.918328768
1584853155;756889;1584853155;756931;1584853155;756005;57.709616589;11.918329004
1584853155;807348;1584853155;807392;1584853155;806145;57.7096139;11.918329195
1584853155;856878;1584853155;856910;1584853155;856030;57.709611206;11.918329339
1584853155;907095;1584853155;907153;1584853155;906084;57.709608509;11.918329429
1584853155;957078;1584853155;957140;1584853155;956014;57.709605807;11.918329476
1584853156;7054;1584853156;7105;1584853156;6277;57.709603105;11.918329542
1584853156;57481;1584853156;57551;1584853156;56040;57.709600426;11.918330096
1584853156;106872;1584853156;106904;1584853156;106015;57.709597741;11.918330609
1584853156;156677;1584853156;156704;1584853156;156009;57.709595053;11.918331087
1584853156;206796;1584853156;206830;1584853156;206011;57.709592364;11.918331526
1584853156;256916;1584853156;256960;1584853156;256017;57.709589675;11.918331923
1584853156;307361;1584853156;307404;1584853156;306094;57.709586989;11.918332272
1584853156;356876;1584853156;356911;1584853156;355994;57.709584305;11.918332577
1584853156;406742;1584853156;406791;1584853156;405982;57.709581622;11.918332839
1584853156;456830;1584853156;456861;1584853156;456010;57.70957894;11.918333059
1584853156;506852;1584853156;506882;1584853156;506010;57.709576257;11.91833324
1584853156;556751;1584853156;556792;1584853156;556003;57.709573574;11.918333379
1584853156;606885;1584853156;606916;1584853156;606064;57.709570891;11.918333474
1584853156;656662;1584853156;656690;1584853156;655982;57.709568208;11.91833353
1584853156;706660;1584853156;706695;1584853156;705942;57.709565526;11.918333553
1584853156;756915;1584853156;756967;1584853156;756061;57.709562843;11.918333544
1584853156;807302;1584853156;807356;1584853156;806045;57.709560162;11.918333505
1584853156;856847;1584853156;856887;1584853156;856029;57.709557483;11.91833344
1584853156;906775;1584853156;906815;1584853156;906020;57.709554807;11.918333349
1584853156;956989;1584853156;957020;1584853156;956027;57.709552132;11.918333233
1584853157;7272;1584853157;7326;1584853157;6277;57.709549458;11.918333114
1584853157;56625;1584853157;56665;1584853157;55964;57.709546774;11.918333183
1584853157;107098;1584853157;107150;1584853157;106050;57.709544093;11.918333232
1584853157;156942;1584853157;156994;1584853157;156021;57.709541415;11.918333264
1584853157;207073;1584853157;207115;1584853157;206040;57.709538739;11.918333286
1584853157;257042;1584853157;257081;1584853157;256092;57.709536064;11.918333299
1584853157;306859;1584853157;306886;1584853157;306000;57.709533391;11.918333301
1584853157;356720;1584853157;356753;1584853157;356018;57.70953072;11.918333298
1584853157;407070;1584853157;407119;1584853157;406067;57.709528051;11.918333295
1584853157;457281;1584853157;457338;1584853157;456072;57.709525386;11.918333294
1584853157;507221;1584853157;507258;1584853157;506124;57.709522721;11.918333294
1584853157;556938;1584853157;556977;1584853157;556035;57.709520057;11.918333293
1584853157;606956;1584853157;606998;1584853157;606080;57.709517394;11.91833329
1584853157;657155;1584853157;657204;1584853157;656062;57.709514731;11.918333283
1584853157;707168;1584853157;707214;1584853157;705981;57.709512071;11.918333273
1584853157;756890;1584853157;756937;1584853157;756006;57.709509411;11.91833326
1584853157;807010;1584853157;807050;1584853157;806023;57.709506751;11.918333241
1584853157;856827;1584853157;856866;1584853157;856008;57.709504091;11.918333224
1584853157;906879;1584853157;906917;1584853157;906036;57.709501432;11.918333213
1584853157;956660;1584853157;956687;1584853157;956020;57.709498773;11.918333208
1584853158;7506;1584853158;7557;1584853158;6233;57.709496112;11.918333196
1584853158;56909;1584853158;56949;1584853158;56008;57.709493425;11.918333132
1584853158;106980;1584853158;107025;1584853158;106056;57.709490739;11.918333071
1584853158;156926;1584853158;156975;1584853158;156032;57.709488053;11.918333008
1584853158;207009;1584853158;207079;1584853158;206019;57.709485368;11.918332941
1584853158;257027;1584853158;257072;1584853158;256077;57.709482682;11.918332874
1584853158;307302;1584853158;307355;1584853158;306064;57.709479996;11.918332813
1584853158;357125;1584853158;357191;1584853158;356076;57.709477309;11.918332757
1584853158;407002;1584853158;407048;1584853158;406056;57.709474623;11.918332702
1584853158;457101;1584853158;457147;1584853158;456072;57.709471936;11.918332654
1584853158;506747;1584853158;506799;1584853158;506018;57.709469248;11.918332614
1584853158;556821;1584853158;556874;1584853158;556011;57.70946656;11.91833258
1584853158;607257;1584853158;607322;1584853158;606084;57.70946387;11.918332549
1584853158;656869;1584853158;656919;1584853158;656021;57.709461179;11.918332523
1584853158;706624;1584853158;706668;1584853158;705936;57.709458487;11.918332504
1584853158;756995;1584853158;757040;1584853158;756118;57.709455795;11.918332487
1584853158;807193;1584853158;807246;1584853158;806041;57.709453101;11.918332474
1584853158;856909;1584853158;856936;1584853158;856033;57.709450405;11.918332465
1584853158;907387;1584853158;907445;1584853158;906086;57.709447707;11.918332462
1584853158;956956;1584853158;956996;1584853158;956057;57.709445006;11.918332464
1584853159;7311;1584853159;7356;1584853159;6345;57.709442302;11.918332449
1584853159;56876;1584853159;56922;1584853159;55957;57.709439599;11.918332262
1584853159;106810;1584853159;106843;1584853159;106010;57.709436893;11.918332074
1584853159;156664;1584853159;156695;1584853159;156001;57.709434188;11.918331891
1584853159;206920;1584853159;206953;1584853159;206033;57.709431491;11.91833171
1584853159;257369;1584853159;257435;1584853159;256097;57.709428796;11.918331518
1584853159;307060;1584853159;307118;1584853159;306028;57.709426101;11.918331341
1584853159;357072;1584853159;357115;1584853159;356056;57.709423407;11.9183312
1584853159;406996;1584853159;407038;1584853159;406088;57.709420712;11.918331066
1584853159;456885;1584853159;456918;1584853159;456062;57.709418011;11.918330909
1584853159;507191;1584853159;507237;1584853159;506058;57.709415298;11.918330746
1584853159;557035;1584853159;557092;1584853159;556048;57.70941257;11.918330589
1584853159;606969;1584853159;607011;1584853159;606052;57.709409833;11.918330442
1584853159;657140;1584853159;657187;1584853159;656140;57.709407106;11.918330294
1584853159;706803;1584853159;706834;1584853159;706014;57.709404399;11.918330131
1584853159;756841;1584853159;756875;1584853159;756008;57.709401713;11.918329975
1584853159;807459;1584853159;807531;1584853159;806076;57.709399043;11.918329841
1584853159;856907;1584853159;856957;1584853159;856019;57.709396375;11.918329724
1584853159;907511;1584853159;907579;1584853159;906168;57.7093937;11.918329594
1584853159;956838;1584853159;956894;1584853159;956016;57.709391009;11.918329461
1584853160;7360;1584853160;7398;1584853160;6351;57.709388301;11.918329332
1584853160;56832;1584853160;56888;1584853160;56096;57.709385579;11.918329154
1584853160;106727;1584853160;106774;1584853160;106037;57.709382851;11.91832898
1584853160;157393;1584853160;157447;1584853160;156105;57.709380118;11.918328798
1584853160;207017;1584853160;207046;1584853160;206021;57.709377377;11.918328607
1584853160;257118;1584853160;257168;1584853160;256057;57.709374628;11.918328412
1584853160;306896;1584853160;306936;1584853160;306036;57.709371874;11.918328222
1584853160;356936;1584853160;356979;1584853160;356038;57.709369114;11.91832804
1584853160;407221;1584853160;407268;1584853160;406077;57.709366348;11.918327869
1584853160;456926;1584853160;456973;1584853160;456030;57.70936357;11.918327713
1584853160;506643;1584853160;506695;1584853160;505996;57.709360778;11.918327566
1584853160;557070;1584853160;557117;1584853160;556033;57.709357969;11.91832742
1584853160;606916;1584853160;606953;1584853160;606076;57.709355143;11.918327273
1584853160;656785;1584853160;656813;1584853160;656012;57.709352301;11.918327124
1584853160;707161;1584853160;707248;1584853160;706042;57.709349446;11.918326972
1584853160;756923;1584853160;756974;1584853160;756082;57.709346577;11.918326821
1584853160;807259;1584853160;807301;1584853160;806146;57.709343695;11.918326679
1584853160;857259;1584853160;857316;1584853160;856106;57.7093408;11.918326549
1584853160;906829;1584853160;906872;1584853160;906058;57.709337894;11.91832643
1584853160;956823;1584853160;956851;1584853160;956127;57.709334976;11.91832632
1584853161;7123;1584853161;7170;1584853161;6224;57.709332047;11.918326218
1584853161;57048;1584853161;57141;1584853161;55970;57.709329089;11.91832612
1584853161;107140;1584853161;107186;1584853161;106057;57.709326125;11.918326031
1584853161;157036;1584853161;157076;1584853161;156024;57.709323153;11.918325946
1584853161;207025;1584853161;207069;1584853161;206082;57.709320171;11.918325859
1584853161;256952;1584853161;257000;1584853161;256130;57.709317177;11.918325768
1584853161;307347;1584853161;307408;1584853161;306061;57.709314173;11.918325687
1584853161;357037;1584853161;357098;1584853161;356053;57.70931116;11.918325627
1584853161;406900;1584853161;406934;1584853161;406048;57.70930814;11.918325582
1584853161;457567;1584853161;457642;1584853161;456120;57.709305111;11.918325562
1584853161;506834;1584853161;506881;1584853161;506030;57.709302073;11.91832557
1584853161;556913;1584853161;556954;1584853161;556028;57.709299026;11.918325593
1584853161;606943;1584853161;606982;1584853161;606078;57.709295974;11.918325628
1584853161;656977;1584853161;657011;1584853161;656039;57.709292918;11.918325678
1584853161;706915;1584853161;706969;1584853161;706013;57.709289856;11.918325747
1584853161;756916;1584853161;756967;1584853161;756026;57.709286787;11.918325834
1584853161;806856;1584853161;806884;1584853161;806033;57.709283708;11.918325946
1584853161;856723;1584853161;856750;1584853161;856035;57.709280618;11.918326074
1584853161;906922;1584853161;906960;1584853161;906088;57.709277517;11.918326215
1584853161;956705;1584853161;956734;1584853161;956009;57.709274407;11.91832637
