sent.seconds;sent.microseconds;received.seconds;received.microseconds;sampleTimeStamp.seconds;sampleTimeStamp.microseconds;SteeringWhlAngle
1584853141;7499;1584853141;7589;1584853141;6119;0.0458984375
1584853141;28580;1584853141;28619;1584853141;25862;0.0458984375
1584853141;46060;1584853141;46082;1584853141;45787;0.0458984375
1584853141;67460;1584853141;67499;1584853141;65552;0.0458984375
1584853141;86908;1584853141;86932;1584853141;85932;0.044921875
1584853141;106806;1584853141;106895;1584853141;105905;0.044921875
1584853141;130047;1584853141;130086;1584853141;125534;0.044921875
1584853141;165772;1584853141;165801;1584853141;145952;0.04296875
1584853141;178728;1584853141;178751;1584853141;165883;0.04296875
1584853141;188110;1584853141;188133;1584853141;185695;0.0419921875
1584853141;206191;1584853141;206215;1584853141;205674;0.041015625
1584853141;240774;1584853141;240798;1584853141;225935;0.041015625
1584853141;252819;1584853141;252842;1584853141;246123;0.041015625
1584853141;268439;1584853141;268476;1584853141;265654;0.0400390625
1584853141;287979;1584853141;288019;1584853141;285596;0.0390625
1584853141;306720;1584853141;306744;1584853141;305868;0.0390625
1584853141;330220;1584853141;330248;1584853141;325874;0.0390625
1584853141;346796;1584853141;346820;1584853141;345789;0.0390625
1584853141;367160;1584853141;367182;1584853141;365559;0.0380859375
1584853141;386553;1584853141;386573;1584853141;385925;0.0380859375
1584853141;406310;1584853141;406328;1584853141;405904;0.037109375
1584853141;427078;1584853141;427127;1584853141;425525;0.0361328125
1584853141;446733;1584853141;446757;1584853141;445971;0.0361328125
1584853141;466733;1584853141;466761;1584853141;465885;0.03515625
1584853141;487258;1584853141;487288;1584853141;485929;0.03515625
1584853141;507032;1584853141;507056;1584853141;505677;0.0341796875
1584853141;530237;1584853141;530277;1584853141;525917;0.0322265625
1584853141;547450;1584853141;547490;1584853141;546127;0.03125
1584853141;566225;1584853141;566249;1584853141;565662;0.029296875
1584853141;587020;1584853141;587055;1584853141;585595;0.0283203125
1584853141;606235;1584853141;606296;1584853141;605863;0.02734375
1584853141;627564;1584853141;627586;1584853141;625863;0.0244140625
1584853141;646936;1584853141;646958;1584853141;645811;0.0224609375
1584853141;666781;1584853141;666804;1584853141;665556;0.0205078125
1584853141;686205;1584853141;686228;1584853141;685941;0.0185546875
1584853141;710632;1584853141;710656;1584853141;705902;0.0146484375
1584853141;737847;1584853141;737920;1584853141;725555;0.01171875
1584853141;751169;1584853141;751259;1584853141;745963;0.0087890625
1584853141;782541;1584853141;782565;1584853141;765884;0.005859375
1584853141;796919;1584853141;796943;1584853141;785700;0.0029296875
1584853141;808013;1584853141;808036;1584853141;805723;0.0009765625
1584853141;837794;1584853141;837817;1584853141;825728;-0.0009765625
1584853141;848808;1584853141;848833;1584853141;846120;-0.001953125
1584853141;866058;1584853141;866080;1584853141;865676;-0.0029296875
1584853141;886935;1584853141;886975;1584853141;885612;-0.00390625
1584853141;907192;1584853141;907230;1584853141;905889;-0.0048828125
1584853141;930786;1584853141;930809;1584853141;925884;-0.0078125
1584853141;946217;1584853141;946241;1584853141;945822;-0.009765625
1584853141;967158;1584853141;967180;1584853141;965610;-0.0126953125
1584853141;987451;1584853141;987485;1584853141;985912;-0.015625
1584853142;6456;1584853142;6478;1584853142;5922;-0.0185546875
1584853142;29118;1584853142;29155;1584853142;25519;-0.0205078125
1584853142;48196;1584853142;48220;1584853142;45969;-0.025390625
1584853142;66805;1584853142;66909;1584853142;65901;-0.0283203125
1584853142;86115;1584853142;86137;1584853142;85694;-0.0322265625
1584853142;106753;1584853142;106782;1584853142;105695;-0.0361328125
1584853142;131306;1584853142;131329;1584853142;125956;-0.041015625
1584853142;148654;1584853142;148849;1584853142;146137;-0.0458984375
1584853142;166967;1584853142;167009;1584853142;165671;-0.0517578125
1584853142;187280;1584853142;187349;1584853142;185624;-0.0576171875
1584853142;206416;1584853142;206438;1584853142;206118;-0.0654296875
1584853142;226223;1584853142;226245;1584853142;225895;-0.0732421875
1584853142;246970;1584853142;246999;1584853142;245798;-0.080078125
1584853142;265872;1584853142;265895;1584853142;265557;-0.087890625
1584853142;287280;1584853142;287304;1584853142;285924;-0.095703125
1584853142;309874;1584853142;309897;1584853142;305926;-0.1025390625
1584853142;327970;1584853142;327993;1584853142;325537;-0.1083984375
1584853142;347938;1584853142;347973;1584853142;345981;-0.11328125
1584853142;367633;1584853142;367657;1584853142;365907;-0.1171875
1584853142;386117;1584853142;386140;1584853142;385698;-0.1220703125
1584853142;410473;1584853142;410498;1584853142;405709;-0.125
1584853142;436975;1584853142;437014;1584853142;425953;-0.1298828125
1584853142;447456;1584853142;447478;1584853142;446134;-0.134765625
1584853142;466021;1584853142;466043;1584853142;465668;-0.1396484375
1584853142;488594;1584853142;488626;1584853142;485615;-0.1455078125
1584853142;507448;1584853142;507470;1584853142;505899;-0.1484375
1584853142;532189;1584853142;532212;1584853142;525881;-0.1591796875
1584853142;547128;1584853142;547150;1584853142;545812;-0.1669921875
1584853142;567075;1584853142;567098;1584853142;565553;-0.17578125
1584853142;586251;1584853142;586273;1584853142;585922;-0.18359375
1584853142;606309;1584853142;606333;1584853142;605922;-0.1923828125
1584853142;626166;1584853142;626189;1584853142;625523;-0.201171875
1584853142;647118;1584853142;647204;1584853142;645987;-0.2099609375
1584853142;667422;1584853142;667444;1584853142;665906;-0.21875
1584853142;687112;1584853142;687135;1584853142;685698;-0.228515625
1584853142;707293;1584853142;707315;1584853142;705674;-0.2392578125
1584853142;726292;1584853142;726315;1584853142;725936;-0.2451171875
1584853142;746432;1584853142;746476;1584853142;746124;-0.26171875
1584853142;767612;1584853142;767635;1584853142;765670;-0.2724609375
1584853142;786498;1584853142;786592;1584853142;785599;-0.28515625
1584853142;808680;1584853142;808702;1584853142;806118;-0.296875
1584853142;830445;1584853142;830467;1584853142;825881;-0.3095703125
1584853142;847570;1584853142;847593;1584853142;845791;-0.322265625
1584853142;869466;1584853142;869553;1584853142;865567;-0.333984375
1584853142;910397;1584853142;910421;1584853142;885927;-0.3466796875
1584853142;978799;1584853142;978822;1584853142;905913;-0.357421875
1584853142;992246;1584853142;992276;1584853142;925554;-0.3681640625
1584853142;995243;1584853142;995265;1584853142;945976;-0.37890625
1584853143;11375;1584853143;11399;1584853142;985705;-0.3994140625
1584853143;17276;1584853143;17299;1584853143;5727;-0.4072265625
1584853143;44865;1584853143;44888;1584853143;25750;-0.416015625
1584853143;55803;1584853143;55864;1584853143;46128;-0.4228515625
1584853143;68222;1584853143;68245;1584853143;65665;-0.4296875
1584853143;87315;1584853143;87355;1584853143;85606;-0.4345703125
1584853143;106692;1584853143;106715;1584853143;106135;-0.4384765625
1584853143;128209;1584853143;128232;1584853143;125879;-0.4404296875
1584853143;147082;1584853143;147106;1584853143;145795;-0.44140625
1584853143;166213;1584853143;166248;1584853143;165582;-0.4423828125
1584853143;187449;1584853143;187488;1584853143;185925;-0.443359375
1584853143;207322;1584853143;207360;1584853143;205933;-0.4423828125
1584853143;226845;1584853143;226868;1584853143;225523;-0.4423828125
1584853143;247854;1584853143;247889;1584853143;246007;-0.443359375
1584853143;266220;1584853143;266287;1584853143;265902;-0.4443359375
1584853143;287460;1584853143;287483;1584853143;285703;-0.4453125
1584853143;308988;1584853143;309031;1584853143;305691;-0.4462890625
1584853143;329994;1584853143;330017;1584853143;325768;-0.447265625
1584853143;347630;1584853143;347670;1584853143;346132;-0.44921875
1584853143;367135;1584853143;367159;1584853143;365687;-0.451171875
1584853143;388720;1584853143;388754;1584853143;385593;-0.453125
1584853143;406931;1584853143;406956;1584853143;406134;-0.45703125
1584853143;426243;1584853143;426266;1584853143;425892;-0.4599609375
1584853143;447749;1584853143;447772;1584853143;445804;-0.4638671875
1584853143;468509;1584853143;468644;1584853143;465573;-0.46875
1584853143;486726;1584853143;486755;1584853143;485926;-0.4736328125
1584853143;506564;1584853143;506591;1584853143;505918;-0.478515625
1584853143;526301;1584853143;526325;1584853143;525539;-0.484375
1584853143;546982;1584853143;547004;1584853143;545966;-0.4892578125
1584853143;569210;1584853143;569340;1584853143;565907;-0.4931640625
1584853143;587039;1584853143;587062;1584853143;585716;-0.4970703125
1584853143;606836;1584853143;606892;1584853143;605689;-0.5
1584853143;626026;1584853143;626048;1584853143;625730;-0.501953125
1584853143;646513;1584853143;646537;1584853143;646150;-0.5029296875
1584853143;667594;1584853143;667622;1584853143;665666;-0.5048828125
1584853143;686692;1584853143;686720;1584853143;685620;-0.5078125
1584853143;710020;1584853143;710067;1584853143;706145;-0.5107421875
1584853143;730568;1584853143;730590;1584853143;725885;-0.515625
1584853143;746239;1584853143;746319;1584853143;745801;-0.521484375
1584853143;767857;1584853143;767887;1584853143;765575;-0.5283203125
1584853143;787052;1584853143;787169;1584853143;785935;-0.537109375
1584853143;806792;1584853143;806816;1584853143;805944;-0.5458984375
1584853143;827549;1584853143;827571;1584853143;825552;-0.556640625
1584853143;848492;1584853143;848672;1584853143;845972;-0.5673828125
1584853143;867420;1584853143;867442;1584853143;865918;-0.5791015625
1584853143;886232;1584853143;886256;1584853143;885688;-0.591796875
1584853143;907371;1584853143;907405;1584853143;905691;-0.6044921875
1584853143;936129;1584853143;936151;1584853143;925745;-0.6171875
1584853143;946519;1584853143;946542;1584853143;946148;-0.6298828125
1584853143;968250;1584853143;968288;1584853143;965915;-0.6416015625
1584853143;987129;1584853143;987174;1584853143;985606;-0.6533203125
1584853144;6550;1584853144;6573;1584853144;6149;-0.666015625
1584853144;26187;1584853144;26210;1584853144;25891;-0.6767578125
1584853144;46989;1584853144;47055;1584853144;45838;-0.689453125
1584853144;66491;1584853144;66579;1584853144;65586;-0.7001953125
1584853144;87473;1584853144;87513;1584853144;85942;-0.712890625
1584853144;107448;1584853144;107470;1584853144;105914;-0.7236328125
1584853144;128556;1584853144;128579;1584853144;125548;-0.736328125
1584853144;146674;1584853144;146765;1584853144;145995;-0.748046875
1584853144;168189;1584853144;168212;1584853144;165910;-0.759765625
1584853144;186138;1584853144;186220;1584853144;185710;-0.7705078125
1584853144;206483;1584853144;206546;1584853144;205746;-0.7822265625
1584853144;229676;1584853144;229699;1584853144;225762;-0.79296875
1584853144;249743;1584853144;249832;1584853144;246155;-0.8046875
1584853144;265942;1584853144;265964;1584853144;265670;-0.814453125
1584853144;287180;1584853144;287215;1584853144;285627;-0.826171875
1584853144;307619;1584853144;307648;1584853144;305908;-0.8369140625
1584853144;326562;1584853144;326672;1584853144;325906;-0.8486328125
1584853144;348029;1584853144;348077;1584853144;345806;-0.8603515625
1584853144;368319;1584853144;368361;1584853144;365602;-0.873046875
1584853144;387300;1584853144;387414;1584853144;385924;-0.884765625
1584853144;406276;1584853144;406300;1584853144;405941;-0.8984375
1584853144;426432;1584853144;426512;1584853144;425542;-0.9091796875
1584853144;446424;1584853144;446447;1584853144;446000;-0.921875
1584853144;466232;1584853144;466254;1584853144;465913;-0.93359375
1584853144;487425;1584853144;487447;1584853144;485704;-0.9453125
1584853144;507344;1584853144;507369;1584853144;505706;-0.9560546875
1584853144;527772;1584853144;527795;1584853144;525979;-0.966796875
1584853144;546472;1584853144;546495;1584853144;546162;-0.9755859375
1584853144;569544;1584853144;569598;1584853144;565697;-0.9833984375
1584853144;586782;1584853144;586805;1584853144;585634;-0.990234375
1584853144;607667;1584853144;607705;1584853144;606150;-0.998046875
1584853144;631393;1584853144;631433;1584853144;625905;-1.0048828125
1584853144;647083;1584853144;647123;1584853144;645818;-1.0126953125
1584853144;665864;1584853144;665887;1584853144;665594;-1.021484375
1584853144;686362;1584853144;686385;1584853144;685961;-1.0302734375
1584853144;707975;1584853144;707998;1584853144;705949;-1.041015625
1584853144;725860;1584853144;725883;1584853144;725544;-1.052734375
1584853144;748093;1584853144;748300;1584853144;745993;-1.0654296875
1584853144;768827;1584853144;768865;1584853144;765926;-1.080078125
1584853144;787949;1584853144;787972;1584853144;785710;-1.095703125
1584853144;806572;1584853144;806634;1584853144;805713;-1.1123046875
1584853144;828264;1584853144;828287;1584853144;825771;-1.12890625
1584853144;846567;1584853144;846705;1584853144;846155;-1.1455078125
1584853144;868408;1584853144;868448;1584853144;865675;-1.162109375
1584853144;886904;1584853144;886945;1584853144;885639;-1.1787109375
1584853144;907286;1584853144;907394;1584853144;905903;-1.1953125
1584853144;926307;1584853144;926330;1584853144;925901;-1.2109375
1584853144;947069;1584853144;947101;1584853144;945817;-1.2265625
1584853144;968610;1584853144;968633;1584853144;965592;-1.2412109375
1584853144;986578;1584853144;986696;1584853144;985953;-1.2568359375
1584853145;7212;1584853145;7259;1584853145;5952;-1.271484375
1584853145;28287;1584853145;28325;1584853145;25550;-1.2861328125
1584853145;47725;1584853145;47750;1584853145;45983;-1.298828125
1584853145;66271;1584853145;66294;1584853145;65909;-1.310546875
1584853145;86121;1584853145;86143;1584853145;85720;-1.3203125
1584853145;107342;1584853145;107377;1584853145;105717;-1.3291015625
1584853145;126321;1584853145;126344;1584853145;125990;-1.3369140625
1584853145;147649;1584853145;147689;1584853145;146152;-1.3447265625
1584853145;167626;1584853145;167649;1584853145;165703;-1.3515625
1584853145;186073;1584853145;186199;1584853145;185653;-1.3564453125
1584853145;206749;1584853145;206772;1584853145;206157;-1.3603515625
1584853145;228258;1584853145;228340;1584853145;225903;-1.36328125
1584853145;246635;1584853145;246663;1584853145;245871;-1.365234375
1584853145;268241;1584853145;268263;1584853145;265618;-1.365234375
1584853145;287498;1584853145;287538;1584853145;285954;-1.3642578125
1584853145;307918;1584853145;307941;1584853145;305947;-1.3642578125
1584853145;327223;1584853145;327246;1584853145;325584;-1.365234375
1584853145;347956;1584853145;347991;1584853145;346009;-1.3642578125
1584853145;370289;1584853145;370312;1584853145;365933;-1.3642578125
1584853145;386357;1584853145;386380;1584853145;385722;-1.365234375
1584853145;408024;1584853145;408046;1584853145;405735;-1.365234375
1584853145;429868;1584853145;429891;1584853145;425791;-1.365234375
1584853145;447521;1584853145;447561;1584853145;446166;-1.365234375
1584853145;465970;1584853145;465993;1584853145;465680;-1.365234375
1584853145;486885;1584853145;486915;1584853145;485659;-1.365234375
1584853145;506821;1584853145;506944;1584853145;505924;-1.365234375
1584853145;526156;1584853145;526178;1584853145;525892;-1.365234375
1584853145;547587;1584853145;547635;1584853145;545831;-1.365234375
1584853145;566785;1584853145;566824;1584853145;565595;-1.3642578125
1584853145;586264;1584853145;586286;1584853145;585965;-1.3642578125
1584853145;606556;1584853145;606584;1584853145;605957;-1.365234375
1584853145;627794;1584853145;627817;1584853145;625544;-1.365234375
1584853145;646699;1584853145;646829;1584853145;646019;-1.365234375
1584853145;667228;1584853145;667251;1584853145;665936;-1.365234375
1584853145;687199;1584853145;687222;1584853145;685742;-1.3642578125
1584853145;707660;1584853145;707682;1584853145;705729;-1.365234375
1584853145;726286;1584853145;726309;1584853145;726022;-1.365234375
1584853145;746769;1584853145;746795;1584853145;746166;-1.365234375
1584853145;767528;1584853145;767551;1584853145;765722;-1.3642578125
1584853145;786737;1584853145;786767;1584853145;785643;-1.3642578125
1584853145;808370;1584853145;808409;1584853145;806165;-1.365234375
1584853145;830524;1584853145;830547;1584853145;825920;-1.365234375
1584853145;847175;1584853145;847213;1584853145;845822;-1.3642578125
1584853145;868306;1584853145;868341;1584853145;865591;-1.365234375
1584853145;886313;1584853145;886336;1584853145;885941;-1.365234375
1584853145;906364;1584853145;906386;1584853145;905957;-1.365234375
1584853145;925936;1584853145;925959;1584853145;925564;-1.3642578125
1584853145;949499;1584853145;949619;1584853145;946009;-1.365234375
1584853145;967555;1584853145;967661;1584853145;965928;-1.365234375
1584853145;986307;1584853145;986329;1584853145;985728;-1.365234375
1584853146;6801;1584853146;6833;1584853146;5746;-1.365234375
1584853146;29434;1584853146;29456;1584853146;25977;-1.365234375
1584853146;46584;1584853146;46678;1584853146;46170;-1.365234375
1584853146;68354;1584853146;68449;1584853146;65718;-1.365234375
1584853146;86923;1584853146;86960;1584853146;85658;-1.361328125
1584853146;107493;1584853146;107515;1584853146;105926;-1.35546875
1584853146;127453;1584853146;127475;1584853146;125912;-1.3515625
1584853146;147040;1584853146;147070;1584853146;145820;-1.345703125
1584853146;168066;1584853146;168097;1584853146;165616;-1.3388671875
1584853146;186289;1584853146;186312;1584853146;185956;-1.3310546875
1584853146;208286;1584853146;208339;1584853146;205951;-1.322265625
1584853146;227471;1584853146;227494;1584853146;225543;-1.3134765625
1584853146;249536;1584853146;249660;1584853146;246001;-1.3046875
1584853146;266268;1584853146;266292;1584853146;265937;-1.294921875
1584853146;286396;1584853146;286477;1584853146;285971;-1.283203125
1584853146;307245;1584853146;307267;1584853146;305752;-1.271484375
1584853146;326160;1584853146;326183;1584853146;325794;-1.2578125
1584853146;348290;1584853146;348397;1584853146;346174;-1.2451171875
1584853146;367105;1584853146;367145;1584853146;365696;-1.2314453125
1584853146;386283;1584853146;386366;1584853146;385636;-1.216796875
1584853146;407521;1584853146;407628;1584853146;406155;-1.201171875
1584853146;426884;1584853146;426908;1584853146;425913;-1.1845703125
1584853146;446830;1584853146;446885;1584853146;445881;-1.16796875
1584853146;468309;1584853146;468391;1584853146;465614;-1.1513671875
1584853146;487294;1584853146;487332;1584853146;485947;-1.134765625
1584853146;507423;1584853146;507460;1584853146;505945;-1.1171875
1584853146;526095;1584853146;526118;1584853146;525576;-1.099609375
1584853146;548560;1584853146;548592;1584853146;546022;-1.0810546875
1584853146;570546;1584853146;570569;1584853146;565924;-1.0634765625
1584853146;586850;1584853146;586877;1584853146;585737;-1.0458984375
1584853146;607089;1584853146;607112;1584853146;605760;-1.0283203125
1584853146;636142;1584853146;636164;1584853146;625784;-1.0126953125
1584853146;647505;1584853146;647527;1584853146;646174;-0.998046875
1584853146;666112;1584853146;666139;1584853146;665698;-0.9833984375
1584853146;686505;1584853146;686531;1584853146;685659;-0.9677734375
1584853146;706461;1584853146;706483;1584853146;705912;-0.953125
1584853146;729797;1584853146;729822;1584853146;725920;-0.9375
1584853146;748334;1584853146;748375;1584853146;745822;-0.921875
1584853146;767966;1584853146;767989;1584853146;765638;-0.9052734375
1584853146;786221;1584853146;786243;1584853146;785956;-0.88671875
1584853146;806959;1584853146;806984;1584853146;805956;-0.869140625
1584853146;826786;1584853146;826809;1584853146;825581;-0.849609375
1584853146;847079;1584853146;847107;1584853146;846010;-0.8291015625
1584853146;867269;1584853146;867291;1584853146;865947;-0.80859375
1584853146;887089;1584853146;887127;1584853146;885720;-0.7861328125
1584853146;907137;1584853146;907159;1584853146;905733;-0.7626953125
1584853146;926240;1584853146;926343;1584853146;925798;-0.7373046875
1584853146;946450;1584853146;946632;1584853146;946192;-0.7119140625
1584853146;966252;1584853146;966275;1584853146;965716;-0.6845703125
1584853146;986935;1584853146;986967;1584853146;985633;-0.654296875
1584853147;7513;1584853147;7535;1584853147;6172;-0.6240234375
1584853147;31206;1584853147;31228;1584853147;25917;-0.5927734375
1584853147;46123;1584853147;46146;1584853147;45840;-0.5595703125
1584853147;66833;1584853147;66868;1584853147;65605;-0.525390625
1584853147;87653;1584853147;87677;1584853147;85967;-0.490234375
1584853147;106497;1584853147;106522;1584853147;105943;-0.453125
1584853147;136855;1584853147;136877;1584853147;125560;-0.4169921875
1584853147;147693;1584853147;147717;1584853147;146000;-0.3798828125
1584853147;168920;1584853147;168943;1584853147;165951;-0.341796875
1584853147;186053;1584853147;186076;1584853147;185761;-0.3037109375
1584853147;207028;1584853147;207072;1584853147;205751;-0.2646484375
1584853147;237355;1584853147;237387;1584853147;225788;-0.2255859375
1584853147;246476;1584853147;246499;1584853147;246181;-0.1875
1584853147;269913;1584853147;269988;1584853147;265733;-0.1513671875
1584853147;286868;1584853147;286891;1584853147;285636;-0.115234375
1584853147;307639;1584853147;307661;1584853147;306169;-0.0791015625
1584853147;326266;1584853147;326289;1584853147;325947;-0.0439453125
1584853147;347070;1584853147;347157;1584853147;345845;-0.0087890625
1584853147;366167;1584853147;366190;1584853147;365609;0.0263671875
1584853147;386483;1584853147;386506;1584853147;385963;0.0625
1584853147;407252;1584853147;407274;1584853147;405978;0.0966796875
1584853147;427576;1584853147;427598;1584853147;425589;0.1318359375
1584853147;446698;1584853147;446783;1584853147;446020;0.166015625
1584853147;466384;1584853147;466467;1584853147;465952;0.201171875
1584853147;488278;1584853147;488304;1584853147;485989;0.2353515625
1584853147;506566;1584853147;506655;1584853147;505757;0.2705078125
1584853147;529282;1584853147;529305;1584853147;525776;0.3056640625
1584853147;547540;1584853147;547630;1584853147;546167;0.3408203125
1584853147;567822;1584853147;567862;1584853147;565715;0.376953125
1584853147;586392;1584853147;586427;1584853147;585651;0.412109375
1584853147;606117;1584853147;606202;1584853147;605920;0.4482421875
1584853147;636418;1584853147;636441;1584853147;625928;0.484375
1584853147;646215;1584853147;646267;1584853147;645843;0.521484375
1584853147;668327;1584853147;668452;1584853147;665608;0.55859375
1584853147;687469;1584853147;687492;1584853147;685970;0.595703125
1584853147;706954;1584853147;706976;1584853147;705953;0.6337890625
1584853147;725899;1584853147;725923;1584853147;725610;0.673828125
1584853147;748049;1584853147;748087;1584853147;746004;0.71484375
1584853147;766615;1584853147;766695;1584853147;765949;0.7568359375
1584853147;786162;1584853147;786184;1584853147;785742;0.80078125
1584853147;809413;1584853147;809452;1584853147;805756;0.84765625
1584853147;829726;1584853147;829749;1584853147;825841;0.8974609375
1584853147;846477;1584853147;846499;1584853147;846170;0.9482421875
1584853147;866972;1584853147;867004;1584853147;865714;1
1584853147;886972;1584853147;887003;1584853147;885637;1.0546875
1584853147;906522;1584853147;906546;1584853147;905928;1.1103515625
1584853147;928422;1584853147;928461;1584853147;925932;1.16796875
1584853147;947188;1584853147;947226;1584853147;945839;1.224609375
1584853147;968034;1584853147;968057;1584853147;965617;1.2822265625
1584853147;986249;1584853147;986271;1584853147;985960;1.33984375
1584853148;6505;1584853148;6530;1584853148;5964;1.3984375
1584853148;26446;1584853148;26469;1584853148;25565;1.4560546875
1584853148;46568;1584853148;46640;1584853148;46057;1.5126953125
1584853148;67295;1584853148;67402;1584853148;65940;1.568359375
1584853148;87201;1584853148;87224;1584853148;85731;1.623046875
1584853148;107125;1584853148;107148;1584853148;105748;1.6787109375
1584853148;126176;1584853148;127124;1584853148;125768;1.732421875
1584853148;146499;1584853148;146523;1584853148;146175;1.7861328125
1584853148;166559;1584853148;166648;1584853148;165720;1.837890625
1584853148;186828;1584853148;186861;1584853148;185658;1.8876953125
1584853148;208446;1584853148;208469;1584853148;206186;1.9375
1584853148;230373;1584853148;230395;1584853148;225929;1.9853515625
1584853148;246258;1584853148;246338;1584853148;245827;2.033203125
1584853148;267104;1584853148;267138;1584853148;265606;2.0791015625
1584853148;287050;1584853148;287074;1584853148;285968;2.123046875
1584853148;307091;1584853148;307173;1584853148;305952;2.1640625
1584853148;328891;1584853148;328930;1584853148;325598;2.2041015625
1584853148;351299;1584853148;351410;1584853148;346036;2.2431640625
1584853148;368005;1584853148;368029;1584853148;365945;2.279296875
1584853148;385928;1584853148;386008;1584853148;385738;2.3134765625
1584853148;407018;1584853148;407053;1584853148;405755;2.34765625
1584853148;426665;1584853148;426689;1584853148;425786;2.37890625
1584853148;446998;1584853148;447020;1584853148;446189;2.4072265625
1584853148;467191;1584853148;467214;1584853148;465713;2.43359375
1584853148;486951;1584853148;486991;1584853148;485664;2.4599609375
1584853148;507510;1584853148;507532;1584853148;506180;2.486328125
1584853148;526216;1584853148;526239;1584853148;525922;2.5107421875
1584853148;547124;1584853148;547158;1584853148;545849;2.533203125
1584853148;566038;1584853148;566061;1584853148;565627;2.5537109375
1584853148;586505;1584853148;586529;1584853148;585976;2.57421875
1584853148;607210;1584853148;607233;1584853148;605970;2.5947265625
1584853148;628603;1584853148;628626;1584853148;625578;2.6142578125
1584853148;646648;1584853148;646674;1584853148;646017;2.6328125
1584853148;666387;1584853148;666498;1584853148;665942;2.650390625
1584853148;687440;1584853148;687498;1584853148;686000;2.6689453125
1584853148;706765;1584853148;706793;1584853148;705737;2.6884765625
1584853148;730020;1584853148;730146;1584853148;725800;2.7080078125
1584853148;747550;1584853148;747573;1584853148;746186;2.728515625
1584853148;767980;1584853148;768004;1584853148;765723;2.748046875
1584853148;785950;1584853148;785973;1584853148;785637;2.767578125
1584853148;807655;1584853148;807678;1584853148;805955;2.7880859375
1584853148;832381;1584853148;832442;1584853148;825945;2.8095703125
1584853148;846183;1584853148;846207;1584853148;845868;2.8310546875
1584853148;867219;1584853148;867269;1584853148;865595;2.853515625
1584853148;888720;1584853148;888781;1584853148;885961;2.876953125
1584853148;906970;1584853148;907017;1584853148;905963;2.900390625
1584853148;926127;1584853148;926149;1584853148;925605;2.92578125
1584853148;947793;1584853148;947829;1584853148;946036;2.9501953125
1584853148;966570;1584853148;966593;1584853148;965966;2.9755859375
1584853148;986525;1584853148;986552;1584853148;985758;3
1584853149;7087;1584853149;7125;1584853149;5806;3.0244140625
1584853149;31733;1584853149;31756;1584853149;25816;3.0498046875
1584853149;46526;1584853149;46548;1584853149;46186;3.0771484375
1584853149;66774;1584853149;66837;1584853149;65716;3.1044921875
1584853149;87138;1584853149;87168;1584853149;85668;3.1337890625
1584853149;106500;1584853149;106523;1584853149;105940;3.1640625
1584853149;130988;1584853149;131012;1584853149;125925;3.1953125
1584853149;147205;1584853149;147243;1584853149;145849;3.2255859375
1584853149;167181;1584853149;167204;1584853149;165651;3.255859375
1584853149;186277;1584853149;186299;1584853149;185984;3.2841796875
1584853149;208256;1584853149;208283;1584853149;205988;3.3115234375
1584853149;227672;1584853149;227738;1584853149;225570;3.3369140625
1584853149;246368;1584853149;246391;1584853149;246053;3.3603515625
1584853149;267317;1584853149;267425;1584853149;265959;3.380859375
1584853149;287151;1584853149;287174;1584853149;285749;3.4013671875
1584853149;307536;1584853149;307563;1584853149;305752;3.419921875
1584853149;328025;1584853149;328048;1584853149;325840;3.439453125
1584853149;346450;1584853149;346473;1584853149;346185;3.45703125
1584853149;366380;1584853149;367510;1584853149;365733;3.4765625
1584853149;387303;1584853149;387370;1584853149;385670;3.4951171875
1584853149;407649;1584853149;407671;1584853149;406183;3.513671875
1584853149;432391;1584853149;432413;1584853149;425949;3.5322265625
1584853149;446715;1584853149;446742;1584853149;445874;3.55078125
1584853149;467321;1584853149;467360;1584853149;465641;3.5673828125
1584853149;486812;1584853149;486846;1584853149;485976;3.5830078125
1584853149;506320;1584853149;506342;1584853149;505987;3.59765625
1584853149;527176;1584853149;527199;1584853149;525585;3.611328125
1584853149;547420;1584853149;547514;1584853149;546038;3.6240234375
1584853149;567535;1584853149;567558;1584853149;565969;3.6376953125
1584853149;586290;1584853149;586314;1584853149;585775;3.6513671875
1584853149;607350;1584853149;607389;1584853149;605774;3.6640625
1584853149;635721;1584853149;635829;1584853149;626019;3.67578125
1584853149;646570;1584853149;646592;1584853149;646198;3.685546875
1584853149;667081;1584853149;667121;1584853149;665727;3.697265625
1584853149;687135;1584853149;687158;1584853149;685686;3.70703125
1584853149;706495;1584853149;706517;1584853149;706199;3.7158203125
1584853149;726146;1584853149;726226;1584853149;725957;3.7255859375
1584853149;749572;1584853149;749605;1584853149;745860;3.7353515625
1584853149;766201;1584853149;766224;1584853149;765623;3.744140625
1584853149;787452;1584853149;787475;1584853149;785989;3.7509765625
1584853149;807792;1584853149;807816;1584853149;805996;3.7578125
1584853149;827452;1584853149;827474;1584853149;825595;3.7626953125
1584853149;847418;1584853149;847513;1584853149;846047;3.7666015625
1584853149;866158;1584853149;866237;1584853149;865977;3.76953125
1584853149;887336;1584853149;887368;1584853149;885753;3.7705078125
1584853149;906375;1584853149;906406;1584853149;905766;3.7705078125
1584853149;930904;1584853149;930929;1584853149;925851;3.7705078125
1584853149;960880;1584853149;960912;1584853149;946207;3.7705078125
1584853149;975645;1584853149;975668;1584853149;965747;3.7705078125
1584853149;985980;1584853149;986002;1584853149;985665;3.7705078125
1584853150;6858;1584853150;6943;1584853150;6197;3.7705078125
1584853150;30566;1584853150;30588;1584853150;25940;3.771484375
1584853150;47484;1584853150;47522;1584853150;45871;3.7724609375
1584853150;66966;1584853150;66988;1584853150;65625;3.7763671875
1584853150;87371;1584853150;87476;1584853150;86000;3.7802734375
1584853150;106385;1584853150;106409;1584853150;105988;3.7861328125
1584853150;126240;1584853150;126285;1584853150;125655;3.79296875
1584853150;146944;1584853150;147024;1584853150;146044;3.798828125
1584853150;166333;1584853150;166356;1584853150;165968;3.8056640625
1584853150;187055;1584853150;187077;1584853150;185770;3.8115234375
1584853150;207623;1584853150;207661;1584853150;205824;3.8173828125
1584853150;229315;1584853150;229338;1584853150;225838;3.8232421875
1584853150;246857;1584853150;246939;1584853150;246198;3.8291015625
1584853150;267041;1584853150;267073;1584853150;265742;3.833984375
1584853150;287627;1584853150;287655;1584853150;285686;3.837890625
1584853150;306995;1584853150;307040;1584853150;305963;3.8408203125
1584853150;330466;1584853150;330489;1584853150;325963;3.8408203125
1584853150;347348;1584853150;347371;1584853150;345866;3.841796875
1584853150;366168;1584853150;366191;1584853150;365631;3.841796875
1584853150;386513;1584853150;386538;1584853150;385991;3.841796875
1584853150;407057;1584853150;407082;1584853150;406001;3.841796875
1584853150;425895;1584853150;425917;1584853150;425612;3.841796875
1584853150;450558;1584853150;450581;1584853150;446081;3.841796875
1584853150;467342;1584853150;467364;1584853150;465973;3.8408203125
1584853150;487085;1584853150;487124;1584853150;485769;3.841796875
1584853150;506334;1584853150;506364;1584853150;505766;3.841796875
1584853150;527666;1584853150;527775;1584853150;526054;3.841796875
1584853150;548035;1584853150;548057;1584853150;546203;3.841796875
1584853150;567259;1584853150;567283;1584853150;565754;3.841796875
1584853150;588809;1584853150;588866;1584853150;585703;3.841796875
1584853150;607547;1584853150;607570;1584853150;606202;3.841796875
1584853150;628633;1584853150;628655;1584853150;625951;3.841796875
1584853150;647008;1584853150;647040;1584853150;645860;3.841796875
1584853150;667223;1584853150;667259;1584853150;665636;3.841796875
1584853150;686772;1584853150;686795;1584853150;686009;3.841796875
1584853150;706983;1584853150;707012;1584853150;706003;3.841796875
1584853150;728780;1584853150;728802;1584853150;725601;3.841796875
1584853150;747385;1584853150;747408;1584853150;746087;3.841796875
1584853150;766390;1584853150;766412;1584853150;765979;3.841796875
1584853150;786545;1584853150;786572;1584853150;785775;3.841796875
1584853150;807325;1584853150;807348;1584853150;805797;3.841796875
1584853150;827868;1584853150;827891;1584853150;825829;3.841796875
1584853150;847542;1584853150;847565;1584853150;846203;3.841796875
1584853150;866983;1584853150;867019;1584853150;865752;3.841796875
1584853150;886913;1584853150;886953;1584853150;885679;3.841796875
1584853150;906421;1584853150;906522;1584853150;905978;3.841796875
1584853150;926236;1584853150;926259;1584853150;925974;3.841796875
1584853150;946210;1584853150;946232;1584853150;945874;3.841796875
1584853150;966376;1584853150;966402;1584853150;965647;3.841796875
1584853150;987291;1584853150;987314;1584853150;985999;3.841796875
1584853151;7240;1584853151;7278;1584853151;5995;3.841796875
1584853151;25877;1584853151;25900;1584853151;25595;3.841796875
1584853151;46879;1584853151;46907;1584853151;46056;3.841796875
1584853151;67069;1584853151;67092;1584853151;65983;3.841796875
1584853151;86461;1584853151;86540;1584853151;86030;3.841796875
1584853151;108521;1584853151;108543;1584853151;105783;3.841796875
1584853151;129681;1584853151;129717;1584853151;126049;3.841796875
1584853151;147493;1584853151;147533;1584853151;146210;3.841796875
1584853151;166165;1584853151;166188;1584853151;165770;3.841796875
1584853151;187197;1584853151;187233;1584853151;185708;3.841796875
1584853151;207753;1584853151;207776;1584853151;206208;3.8408203125
1584853151;226270;1584853151;226293;1584853151;225956;3.841796875
1584853151;247424;1584853151;247448;1584853151;245912;3.841796875
1584853151;266863;1584853151;266902;1584853151;265628;3.841796875
1584853151;286786;1584853151;286809;1584853151;286000;3.841796875
1584853151;307015;1584853151;307043;1584853151;305997;3.841796875
1584853151;326322;1584853151;326346;1584853151;325643;3.841796875
1584853151;347234;1584853151;347324;1584853151;346081;3.841796875
1584853151;369250;1584853151;369288;1584853151;365978;3.841796875
1584853151;387093;1584853151;387132;1584853151;385766;3.841796875
1584853151;407277;1584853151;407300;1584853151;405820;3.841796875
1584853151;426131;1584853151;426154;1584853151;425858;3.841796875
1584853151;446819;1584853151;446845;1584853151;446213;3.841796875
1584853151;467132;1584853151;467166;1584853151;465755;3.83984375
1584853151;486579;1584853151;486703;1584853151;485729;3.837890625
1584853151;508038;1584853151;508061;1584853151;505984;3.8369140625
1584853151;530550;1584853151;530573;1584853151;525958;3.8369140625
1584853151;547191;1584853151;547229;1584853151;545881;3.8369140625
1584853151;567186;1584853151;567210;1584853151;565677;3.8369140625
1584853151;586460;1584853151;586543;1584853151;586018;3.8369140625
1584853151;606399;1584853151;606438;1584853151;606021;3.8369140625
1584853151;625937;1584853151;625959;1584853151;625607;3.8369140625
1584853151;647310;1584853151;647332;1584853151;646049;3.8388671875
1584853151;667261;1584853151;667283;1584853151;665977;3.845703125
1584853151;686123;1584853151;686146;1584853151;685784;3.8525390625
1584853151;707329;1584853151;707362;1584853151;705794;3.8603515625
1584853151;726682;1584853151;726707;1584853151;725860;3.869140625
1584853151;746638;1584853151;746718;1584853151;746216;3.8779296875
1584853151;767244;1584853151;767266;1584853151;765765;3.888671875
1584853151;787603;1584853151;787654;1584853151;785702;3.8984375
1584853151;808448;1584853151;808472;1584853151;806209;3.908203125
1584853151;826278;1584853151;826300;1584853151;825967;3.916015625
1584853151;846985;1584853151;847016;1584853151;845899;3.9248046875
1584853151;867105;1584853151;867128;1584853151;865659;3.9326171875
1584853151;886369;1584853151;886391;1584853151;885994;3.939453125
1584853151;907585;1584853151;907608;1584853151;906016;3.9443359375
1584853151;927403;1584853151;927426;1584853151;925640;3.94921875
1584853151;947867;1584853151;947911;1584853151;946085;3.9521484375
1584853151;966387;1584853151;966410;1584853151;965995;3.9541015625
1584853151;986203;1584853151;986231;1584853151;985793;3.9541015625
1584853152;6521;1584853152;6546;1584853152;5831;3.9541015625
1584853152;26203;1584853152;26226;1584853152;25833;3.9541015625
1584853152;47539;1584853152;47561;1584853152;46217;3.9541015625
1584853152;67037;1584853152;67075;1584853152;65764;3.9541015625
1584853152;86104;1584853152;86127;1584853152;85694;3.9541015625
1584853152;106958;1584853152;107019;1584853152;105994;3.9541015625
1584853152;126766;1584853152;126789;1584853152;125975;3.9541015625
1584853152;146511;1584853152;146535;1584853152;145895;3.955078125
1584853152;166459;1584853152;166481;1584853152;165657;3.955078125
1584853152;187360;1584853152;187466;1584853152;186019;3.955078125
1584853152;207255;1584853152;207277;1584853152;206020;3.955078125
1584853152;227334;1584853152;227362;1584853152;225623;3.955078125
1584853152;247310;1584853152;247342;1584853152;246065;3.955078125
1584853152;267795;1584853152;267819;1584853152;265997;3.955078125
1584853152;286479;1584853152;286563;1584853152;286051;3.955078125
1584853152;309785;1584853152;309847;1584853152;305794;3.955078125
1584853152;330060;1584853152;330101;1584853152;325848;3.955078125
1584853152;347593;1584853152;347697;1584853152;346232;3.955078125
1584853152;366694;1584853152;366718;1584853152;365792;3.955078125
1584853152;387251;1584853152;387290;1584853152;385704;3.955078125
1584853152;406616;1584853152;406640;1584853152;406228;3.955078125
1584853152;426310;1584853152;426333;1584853152;425994;3.955078125
1584853152;447685;1584853152;447707;1584853152;445956;3.955078125
1584853152;468688;1584853152;468712;1584853152;465659;3.955078125
1584853152;486406;1584853152;486429;1584853152;486021;3.955078125
1584853152;507013;1584853152;507042;1584853152;506020;3.955078125
1584853152;526564;1584853152;526586;1584853152;525674;3.955078125
1584853152;547356;1584853152;547385;1584853152;546094;3.955078125
1584853152;567943;1584853152;567965;1584853152;565992;3.955078125
1584853152;587112;1584853152;587150;1584853152;585803;3.955078125
1584853152;607308;1584853152;607348;1584853152;605830;3.955078125
1584853152;626118;1584853152;626142;1584853152;625859;3.955078125
1584853152;646547;1584853152;646569;1584853152;646241;3.955078125
1584853152;667966;1584853152;667988;1584853152;665778;3.955078125
1584853152;686787;1584853152;686816;1584853152;685734;3.955078125
1584853152;707766;1584853152;707789;1584853152;706230;3.955078125
1584853152;729714;1584853152;729752;1584853152;725991;3.955078125
1584853152;746437;1584853152;746460;1584853152;745894;3.955078125
1584853152;768120;1584853152;768142;1584853152;765693;3.9541015625
1584853152;786442;1584853152;786465;1584853152;786032;3.9501953125
1584853152;806420;1584853152;806443;1584853152;806047;3.9423828125
1584853152;826994;1584853152;827016;1584853152;825640;3.9326171875
1584853152;848102;1584853152;848142;1584853152;846101;3.921875
1584853152;867566;1584853152;867606;1584853152;866002;3.9072265625
1584853152;886209;1584853152;886232;1584853152;885800;3.8896484375
1584853152;907607;1584853152;907645;1584853152;905798;3.869140625
1584853152;926861;1584853152;926884;1584853152;926085;3.8486328125
1584853152;946752;1584853152;946778;1584853152;946239;3.82421875
1584853152;967724;1584853152;967747;1584853152;965770;3.7978515625
1584853152;986990;1584853152;987029;1584853152;985707;3.76953125
1584853153;7024;1584853153;7047;1584853153;6231;3.7392578125
1584853153;26253;1584853153;26276;1584853153;25984;3.70703125
1584853153;46751;1584853153;46786;1584853153;45891;3.6708984375
1584853153;66995;1584853153;67019;1584853153;65651;3.6328125
1584853153;87493;1584853153;87531;1584853153;86029;3.591796875
1584853153;107383;1584853153;107487;1584853153;106011;3.548828125
1584853153;126992;1584853153;127032;1584853153;125633;3.5048828125
1584853153;146836;1584853153;146860;1584853153;146080;3.4580078125
1584853153;166669;1584853153;166692;1584853153;166003;3.408203125
1584853153;187314;1584853153;187342;1584853153;185797;3.357421875
1584853153;206175;1584853153;206197;1584853153;205803;3.3037109375
1584853153;228386;1584853153;228480;1584853153;225845;3.248046875
1584853153;247583;1584853153;247607;1584853153;246236;3.189453125
1584853153;266069;1584853153;266302;1584853153;265762;3.1298828125
1584853153;287063;1584853153;287093;1584853153;285701;3.068359375
1584853153;309599;1584853153;309622;1584853153;305997;3.0087890625
1584853153;328245;1584853153;328268;1584853153;326000;2.947265625
1584853153;348202;1584853153;348279;1584853153;345905;2.884765625
1584853153;367124;1584853153;367183;1584853153;365652;2.8232421875
1584853153;387490;1584853153;387526;1584853153;386022;2.7626953125
1584853153;406225;1584853153;406344;1584853153;406028;2.703125
1584853153;425968;1584853153;425990;1584853153;425651;2.64453125
1584853153;446927;1584853153;446950;1584853153;446084;2.5888671875
1584853153;466432;1584853153;466515;1584853153;465999;2.5341796875
1584853153;487378;1584853153;487401;1584853153;486049;2.4814453125
1584853153;507250;1584853153;507274;1584853153;505813;2.4306640625
1584853153;528192;1584853153;528273;1584853153;525857;2.3818359375
1584853153;546536;1584853153;546559;1584853153;546231;2.3369140625
1584853153;567233;1584853153;567256;1584853153;565767;2.2939453125
1584853153;586757;1584853153;586780;1584853153;585727;2.25390625
1584853153;609164;1584853153;609201;1584853153;606237;2.2177734375
1584853153;631750;1584853153;631790;1584853153;625987;2.1865234375
1584853153;646731;1584853153;646754;1584853153;645927;2.16015625
1584853153;667593;1584853153;667630;1584853153;665662;2.1396484375
1584853153;686537;1584853153;686561;1584853153;686035;2.123046875
1584853153;707520;1584853153;707544;1584853153;706032;2.1103515625
1584853153;732308;1584853153;732332;1584853153;725655;2.1005859375
1584853153;747560;1584853153;747584;1584853153;746088;2.09375
1584853153;767847;1584853153;767950;1584853153;766005;2.087890625
1584853153;786173;1584853153;786195;1584853153;785812;2.08203125
1584853153;807491;1584853153;807526;1584853153;805848;2.07421875
1584853153;834223;1584853153;834245;1584853153;825899;2.06640625
1584853153;848592;1584853153;848615;1584853153;846245;2.05859375
1584853153;868245;1584853153;868269;1584853153;865787;2.05078125
1584853153;887420;1584853153;887443;1584853153;885727;2.0400390625
1584853153;906666;1584853153;906691;1584853153;906248;2.029296875
1584853153;926186;1584853153;926286;1584853153;926004;2.015625
1584853153;946580;1584853153;946756;1584853153;945924;2.0009765625
1584853153;967885;1584853153;967918;1584853153;965713;1.982421875
1584853153;987534;1584853153;987572;1584853153;986044;1.9619140625
1584853154;7356;1584853154;7379;1584853154;6049;1.9384765625
1584853154;25938;1584853154;25962;1584853154;25634;1.91015625
1584853154;47816;1584853154;47886;1584853154;46084;1.8798828125
1584853154;67288;1584853154;67311;1584853154;66008;1.84765625
1584853154;86214;1584853154;86237;1584853154;85817;1.8115234375
1584853154;107130;1584853154;107152;1584853154;105813;1.771484375
1584853154;128779;1584853154;128801;1584853154;125862;1.7294921875
1584853154;146324;1584853154;146346;1584853154;146016;1.6826171875
1584853154;166230;1584853154;166310;1584853154;165793;1.6337890625
1584853154;186893;1584853154;186967;1584853154;185721;1.5810546875
1584853154;206919;1584853154;206999;1584853154;206248;1.52734375
1584853154;233036;1584853154;233074;1584853154;225997;1.470703125
1584853154;247085;1584853154;247107;1584853154;245908;1.41015625
1584853154;268620;1584853154;268643;1584853154;265652;1.34765625
1584853154;286360;1584853154;286382;1584853154;286018;1.283203125
1584853154;307587;1584853154;307616;1584853154;306032;1.216796875
1584853154;332062;1584853154;332119;1584853154;325656;1.146484375
1584853154;347677;1584853154;347784;1584853154;346078;1.076171875
1584853154;367551;1584853154;367573;1584853154;366013;1.0078125
1584853154;387597;1584853154;387620;1584853154;385803;0.9384765625
1584853154;406574;1584853154;406664;1584853154;405824;0.87109375
1584853154;426722;1584853154;426745;1584853154;426080;0.8056640625
1584853154;446807;1584853154;446830;1584853154;446242;0.7392578125
1584853154;466379;1584853154;466575;1584853154;465773;0.673828125
1584853154;486879;1584853154;486939;1584853154;485730;0.609375
1584853154;507338;1584853154;507401;1584853154;506016;0.5439453125
1584853154;527537;1584853154;527560;1584853154;525999;0.478515625
1584853154;547127;1584853154;547159;1584853154;545924;0.4111328125
1584853154;566668;1584853154;566691;1584853154;565670;0.34375
1584853154;586877;1584853154;586902;1584853154;586053;0.2744140625
1584853154;607301;1584853154;607340;1584853154;606047;0.2080078125
1584853154;626951;1584853154;626973;1584853154;625638;0.140625
1584853154;646500;1584853154;646524;1584853154;646080;0.0732421875
1584853154;666378;1584853154;666400;1584853154;666040;0.005859375
1584853154;689249;1584853154;689273;1584853154;685824;-0.0595703125
1584853154;705906;1584853154;705928;1584853154;705812;-0.125
1584853154;726194;1584853154;726214;1584853154;726067;-0.189453125
1584853154;746378;1584853154;746399;1584853154;746243;-0.2509765625
1584853154;765972;1584853154;765996;1584853154;765799;-0.310546875
1584853154;786383;1584853154;786477;1584853154;785729;-0.3681640625
1584853154;806289;1584853154;806309;1584853154;806241;-0.42578125
1584853154;826266;1584853154;826285;1584853154;825993;-0.4814453125
1584853154;846292;1584853154;846313;1584853154;845925;-0.5341796875
1584853154;865999;1584853154;866036;1584853154;865666;-0.583984375
1584853154;886358;1584853154;886378;1584853154;886027;-0.6318359375
1584853154;906312;1584853154;906339;1584853154;906034;-0.67578125
1584853154;925732;1584853154;925752;1584853154;925680;-0.7177734375
1584853154;946236;1584853154;946256;1584853154;946123;-0.7568359375
1584853154;967508;1584853154;967531;1584853154;966010;-0.791015625
1584853154;987097;1584853154;987136;1584853154;985815;-0.82421875
1584853155;7896;1584853155;7920;1584853155;5878;-0.8525390625
1584853155;25990;1584853155;26017;1584853155;25882;-0.8798828125
1584853155;46336;1584853155;46357;1584853155;46255;-0.904296875
1584853155;65909;1584853155;65931;1584853155;65777;-0.92578125
1584853155;87386;1584853155;87493;1584853155;85744;-0.9453125
1584853155;107544;1584853155;107584;1584853155;106254;-0.9638671875
1584853155;127386;1584853155;127487;1584853155;126007;-0.9814453125
1584853155;145970;1584853155;145990;1584853155;145929;-0.998046875
1584853155;166581;1584853155;166614;1584853155;165705;-1.013671875
1584853155;186868;1584853155;186904;1584853155;186064;-1.029296875
1584853155;206624;1584853155;206661;1584853155;206057;-1.04296875
1584853155;228093;1584853155;228116;1584853155;225653;-1.0576171875
1584853155;251776;1584853155;251800;1584853155;246118;-1.0712890625
1584853155;266287;1584853155;266310;1584853155;266025;-1.0869140625
1584853155;286220;1584853155;286242;1584853155;285819;-1.1015625
1584853155;308035;1584853155;308143;1584853155;305815;-1.1162109375
1584853155;326219;1584853155;326242;1584853155;325887;-1.1298828125
1584853155;347572;1584853155;347594;1584853155;346252;-1.142578125
1584853155;367037;1584853155;367061;1584853155;365801;-1.1552734375
1584853155;386539;1584853155;386563;1584853155;385703;-1.166015625
1584853155;407118;1584853155;407141;1584853155;406252;-1.1767578125
1584853155;426358;1584853155;426382;1584853155;426021;-1.1865234375
1584853155;446996;1584853155;447023;1584853155;445929;-1.1962890625
1584853155;471876;1584853155;471901;1584853155;465675;-1.205078125
1584853155;488536;1584853155;488559;1584853155;486051;-1.212890625
1584853155;506379;1584853155;506415;1584853155;506068;-1.220703125
1584853155;525719;1584853155;525739;1584853155;525675;-1.2294921875
1584853155;547438;1584853155;547461;1584853155;546111;-1.23828125
1584853155;566188;1584853155;566213;1584853155;566031;-1.24609375
1584853155;588698;1584853155;588734;1584853155;585838;-1.2548828125
1584853155;606247;1584853155;606337;1584853155;605817;-1.263671875
1584853155;626274;1584853155;626374;1584853155;625859;-1.271484375
1584853155;646399;1584853155;646423;1584853155;646264;-1.2783203125
1584853155;665869;1584853155;665889;1584853155;665785;-1.2841796875
1584853155;686173;1584853155;686250;1584853155;685737;-1.2900390625
1584853155;706161;1584853155;706211;1584853155;706016;-1.2958984375
1584853155;727611;1584853155;727635;1584853155;726000;-1.30078125
1584853155;746277;1584853155;746297;1584853155;745913;-1.3046875
1584853155;765757;1584853155;765777;1584853155;765692;-1.310546875
1584853155;786908;1584853155;786952;1584853155;786054;-1.314453125
1584853155;806141;1584853155;806160;1584853155;806045;-1.3193359375
1584853155;825748;1584853155;825770;1584853155;825661;-1.3232421875
1584853155;847951;1584853155;848068;1584853155;846087;-1.3271484375
1584853155;866318;1584853155;866354;1584853155;866035;-1.3291015625
1584853155;886186;1584853155;886205;1584853155;885828;-1.3310546875
1584853155;905983;1584853155;906024;1584853155;905628;-1.33203125
1584853155;926037;1584853155;926061;1584853155;925886;-1.33203125
1584853155;947355;1584853155;947378;1584853155;946026;-1.33203125
1584853155;967441;1584853155;967464;1584853155;966041;-1.33203125
1584853155;986947;1584853155;986988;1584853155;985712;-1.33203125
1584853156;7315;1584853156;7353;1584853156;6029;-1.33203125
1584853156;26301;1584853156;26323;1584853156;26005;-1.33203125
1584853156;47300;1584853156;47334;1584853156;45949;-1.33203125
1584853156;66256;1584853156;66279;1584853156;65679;-1.3330078125
1584853156;86688;1584853156;86711;1584853156;86058;-1.33203125
1584853156;107057;1584853156;107099;1584853156;105814;-1.33203125
1584853156;128720;1584853156;128743;1584853156;125641;-1.33203125
1584853156;146591;1584853156;146648;1584853156;146081;-1.33203125
1584853156;166436;1584853156;166459;1584853156;166035;-1.33203125
1584853156;187663;1584853156;187690;1584853156;185845;-1.33203125
1584853156;206440;1584853156;206464;1584853156;205673;-1.33203125
1584853156;234092;1584853156;234115;1584853156;225914;-1.33203125
1584853156;247362;1584853156;247385;1584853156;246036;-1.33203125
1584853156;266624;1584853156;266649;1584853156;266035;-1.33203125
1584853156;287027;1584853156;287059;1584853156;285719;-1.33203125
1584853156;306451;1584853156;306531;1584853156;306028;-1.3330078125
1584853156;330535;1584853156;330564;1584853156;325789;-1.33203125
1584853156;348355;1584853156;348377;1584853156;345923;-1.33203125
1584853156;366942;1584853156;367003;1584853156;365698;-1.33203125
1584853156;387346;1584853156;387370;1584853156;386068;-1.33203125
1584853156;406093;1584853156;406116;1584853156;405816;-1.33203125
1584853156;425840;1584853156;425944;1584853156;425645;-1.33203125
1584853156;446803;1584853156;446892;1584853156;446127;-1.3310546875
1584853156;466412;1584853156;466434;1584853156;466034;-1.326171875
1584853156;487195;1584853156;487236;1584853156;485831;-1.3212890625
1584853156;507093;1584853156;507117;1584853156;505628;-1.3154296875
1584853156;526198;1584853156;526243;1584853156;525924;-1.3076171875
1584853156;546351;1584853156;546374;1584853156;546042;-1.298828125
1584853156;567730;1584853156;567755;1584853156;566053;-1.2900390625
1584853156;586756;1584853156;586788;1584853156;585735;-1.2802734375
1584853156;607491;1584853156;607546;1584853156;606028;-1.2685546875
1584853156;629283;1584853156;629322;1584853156;625786;-1.2568359375
1584853156;649091;1584853156;649114;1584853156;645904;-1.2431640625
1584853156;673100;1584853156;673123;1584853156;665849;-1.2294921875
1584853156;687386;1584853156;687409;1584853156;686087;-1.212890625
1584853156;708255;1584853156;708279;1584853156;705811;-1.197265625
1584853156;744795;1584853156;744838;1584853156;725630;-1.1796875
1584853156;750790;1584853156;750829;1584853156;746097;-1.1611328125
1584853156;783628;1584853156;783652;1584853156;766291;-1.1435546875
1584853156;792191;1584853156;792242;1584853156;785844;-1.125
1584853156;806041;1584853156;806066;1584853156;805641;-1.10546875
1584853156;829333;1584853156;829356;1584853156;825937;-1.0859375
1584853156;846615;1584853156;846639;1584853156;846279;-1.0654296875
1584853156;867459;1584853156;867499;1584853156;866057;-1.0439453125
1584853156;887184;1584853156;887222;1584853156;885725;-1.0224609375
1584853156;906338;1584853156;906360;1584853156;906050;-1
1584853156;926330;1584853156;926353;1584853156;926047;-0.9765625
1584853156;946945;1584853156;946969;1584853156;945918;-0.9541015625
1584853156;966277;1584853156;966300;1584853156;965858;-0.9296875
1584853156;987524;1584853156;987548;1584853156;986066;-0.9052734375
1584853157;7144;1584853157;7167;1584853157;5813;-0.87890625
1584853157;26844;1584853157;26884;1584853157;25639;-0.853515625
1584853157;47360;1584853157;47392;1584853157;46096;-0.826171875
1584853157;66654;1584853157;66679;1584853157;66290;-0.798828125
1584853157;86399;1584853157;86421;1584853157;85831;-0.76953125
1584853157;106995;1584853157;107020;1584853157;105649;-0.740234375
1584853157;127722;1584853157;127826;1584853157;125910;-0.7080078125
1584853157;148949;1584853157;148973;1584853157;146054;-0.6767578125
1584853157;167834;1584853157;167857;1584853157;166068;-0.6455078125
1584853157;189461;1584853157;189501;1584853157;185744;-0.61328125
1584853157;207285;1584853157;207308;1584853157;206060;-0.58203125
1584853157;225984;1584853157;226065;1584853157;225793;-0.55078125
1584853157;247512;1584853157;247551;1584853157;245929;-0.5205078125
1584853157;267443;1584853157;267467;1584853157;265870;-0.4912109375
1584853157;287278;1584853157;287302;1584853157;286062;-0.4619140625
1584853157;306096;1584853157;306119;1584853157;305826;-0.4345703125
1584853157;325990;1584853157;326012;1584853157;325684;-0.4072265625
1584853157;347247;1584853157;347410;1584853157;346118;-0.3828125
1584853157;369234;1584853157;369274;1584853157;366291;-0.359375
1584853157;387116;1584853157;387139;1584853157;385844;-0.3369140625
1584853157;406822;1584853157;406845;1584853157;405673;-0.3154296875
1584853157;426226;1584853157;426249;1584853157;425958;-0.2958984375
1584853157;446819;1584853157;446845;1584853157;446276;-0.2763671875
1584853157;468459;1584853157;468536;1584853157;466049;-0.2578125
1584853157;486373;1584853157;486396;1584853157;485747;-0.2392578125
1584853157;508741;1584853157;508764;1584853157;506060;-0.22265625
1584853157;529962;1584853157;530003;1584853157;525807;-0.2041015625
1584853157;546241;1584853157;546265;1584853157;545901;-0.1884765625
1584853157;568488;1584853157;568515;1584853157;565887;-0.173828125
1584853157;587646;1584853157;587671;1584853157;586091;-0.16015625
1584853157;606184;1584853157;606206;1584853157;605833;-0.1474609375
1584853157;630732;1584853157;630755;1584853157;625642;-0.13671875
1584853157;650856;1584853157;650879;1584853157;646121;-0.125
1584853157;667785;1584853157;667825;1584853157;666285;-0.1162109375
1584853157;686501;1584853157;686525;1584853157;685851;-0.107421875
1584853157;707666;1584853157;707705;1584853157;705662;-0.1005859375
1584853157;735773;1584853157;735796;1584853157;725910;-0.09375
1584853157;746450;1584853157;746473;1584853157;746060;-0.087890625
1584853157;768604;1584853157;768627;1584853157;766069;-0.0830078125
1584853157;787029;1584853157;787068;1584853157;785744;-0.0771484375
1584853157;857295;1584853157;857319;1584853157;806061;-0.0712890625
1584853157;893766;1584853157;893808;1584853157;865868;-0.0546875
1584853157;910582;1584853157;910605;1584853157;886074;-0.05078125
1584853157;947208;1584853157;947230;1584853157;925681;-0.046875
1584853157;953626;1584853157;953707;1584853157;946132;-0.046875
1584853157;967568;1584853157;967591;1584853157;966298;-0.046875
1584853157;988182;1584853157;988212;1584853157;985880;-0.0458984375
1584853158;7379;1584853158;7402;1584853158;5669;-0.0458984375
1584853158;28180;1584853158;28220;1584853158;25904;-0.0458984375
1584853158;47447;1584853158;47553;1584853158;46060;-0.04296875
1584853158;66377;1584853158;66399;1584853158;66062;-0.0390625
1584853158;87463;1584853158;87499;1584853158;85760;-0.0341796875
1584853158;108460;1584853158;108483;1584853158;106061;-0.0283203125
1584853158;126382;1584853158;126405;1584853158;126044;-0.021484375
1584853158;147291;1584853158;147313;1584853158;145916;-0.0126953125
1584853158;168233;1584853158;168273;1584853158;165881;-0.00390625
1584853158;186424;1584853158;186447;1584853158;186103;0.005859375
1584853158;206256;1584853158;206282;1584853158;205842;0.0146484375
1584853158;226284;1584853158;226308;1584853158;225675;0.0244140625
1584853158;247005;1584853158;247133;1584853158;246119;0.033203125
1584853158;269773;1584853158;269862;1584853158;266295;0.0419921875
1584853158;287339;1584853158;287362;1584853158;285850;0.05078125
1584853158;307898;1584853158;307940;1584853158;305652;0.05859375
1584853158;326233;1584853158;326256;1584853158;325956;0.0654296875
1584853158;346668;1584853158;346694;1584853158;346048;0.072265625
1584853158;368916;1584853158;368939;1584853158;366064;0.0791015625
1584853158;387266;1584853158;387297;1584853158;385745;0.083984375
1584853158;407790;1584853158;407812;1584853158;406038;0.0888671875
1584853158;429267;1584853158;429306;1584853158;426042;0.09375
1584853158;446386;1584853158;446411;1584853158;446002;0.0986328125
1584853158;467425;1584853158;467464;1584853158;465884;0.103515625
1584853158;486965;1584853158;486988;1584853158;486079;0.1064453125
1584853158;506220;1584853158;506243;1584853158;505837;0.109375
1584853158;528799;1584853158;528821;1584853158;525703;0.111328125
1584853158;547455;1584853158;547494;1584853158;546115;0.11328125
1584853158;568833;1584853158;568969;1584853158;566294;0.115234375
1584853158;586293;1584853158;586317;1584853158;585876;0.1162109375
1584853158;606889;1584853158;606919;1584853158;605705;0.1162109375
1584853158;634382;1584853158;634467;1584853158;625915;0.1162109375
1584853158;646510;1584853158;646591;1584853158;646075;0.1162109375
1584853158;667391;1584853158;667413;1584853158;666066;0.1162109375
1584853158;687054;1584853158;687077;1584853158;685794;0.1162109375
1584853158;706253;1584853158;706333;1584853158;706058;0.1162109375
1584853158;726080;1584853158;726103;1584853158;725816;0.1162109375
1584853158;747366;1584853158;747390;1584853158;745937;0.1162109375
1584853158;766749;1584853158;766772;1584853158;765941;0.1171875
1584853158;787526;1584853158;787549;1584853158;786079;0.1171875
1584853158;809214;1584853158;809254;1584853158;805855;0.1171875
1584853158;827078;1584853158;827137;1584853158;825674;0.1162109375
1584853158;847890;1584853158;847924;1584853158;846125;0.1162109375
1584853158;866827;1584853158;866853;1584853158;866316;0.1162109375
1584853158;886241;1584853158;886290;1584853158;885862;0.1162109375
1584853158;906902;1584853158;906934;1584853158;905656;0.1162109375
1584853158;930250;1584853158;930273;1584853158;925913;0.1162109375
1584853158;947364;1584853158;947402;1584853158;946067;0.1162109375
1584853158;966574;1584853158;966625;1584853158;966073;0.1162109375
1584853158;987429;1584853158;987515;1584853158;985738;0.1162109375
1584853159;7413;1584853159;7436;1584853159;6061;0.1162109375
1584853159;26372;1584853159;26394;1584853159;26057;0.1162109375
1584853159;47454;1584853159;47477;1584853159;45938;0.1171875
1584853159;68007;1584853159;68047;1584853159;65888;0.1181640625
1584853159;87620;1584853159;87643;1584853159;86085;0.119140625
1584853159;106228;1584853159;106256;1584853159;105839;0.1201171875
1584853159;126014;1584853159;126036;1584853159;125685;0.1201171875
1584853159;147222;1584853159;147346;1584853159;146134;0.1201171875
1584853159;168616;1584853159;168639;1584853159;166310;0.12109375
1584853159;187235;1584853159;187258;1584853159;185873;0.1220703125
1584853159;206836;1584853159;206859;1584853159;205660;0.1220703125
1584853159;226287;1584853159;226391;1584853159;226091;0.123046875
1584853159;246613;1584853159;246636;1584853159;246299;0.123046875
1584853159;267623;1584853159;267645;1584853159;266085;0.1220703125
1584853159;286639;1584853159;286663;1584853159;285755;0.1220703125
1584853159;308270;1584853159;308292;1584853159;306051;0.123046875
1584853159;329492;1584853159;329514;1584853159;326062;0.123046875
1584853159;347551;1584853159;347573;1584853159;345926;0.119140625
1584853159;367091;1584853159;367118;1584853159;365901;0.1142578125
1584853159;386478;1584853159;386502;1584853159;386087;0.1103515625
1584853159;406872;1584853159;406895;1584853159;405853;0.1083984375
1584853159;426096;1584853159;426175;1584853159;425675;0.1083984375
1584853159;448293;1584853159;448351;1584853159;446110;0.1083984375
1584853159;467662;1584853159;467751;1584853159;466298;0.1083984375
1584853159;486209;1584853159;486258;1584853159;485854;0.1083984375
1584853159;507491;1584853159;507530;1584853159;505683;0.1083984375
1584853159;527396;1584853159;527420;1584853159;526120;0.11328125
1584853159;546371;1584853159;546394;1584853159;546052;0.1171875
1584853159;568652;1584853159;568677;1584853159;566073;0.1201171875
1584853159;587342;1584853159;587366;1584853159;585766;0.1240234375
1584853159;607203;1584853159;607285;1584853159;606050;0.125
1584853159;626207;1584853159;626229;1584853159;625828;0.1259765625
1584853159;647337;1584853159;647373;1584853159;645944;0.1259765625
1584853159;668297;1584853159;668322;1584853159;665896;0.1259765625
1584853159;688125;1584853159;688148;1584853159;686093;0.1259765625
1584853159;707094;1584853159;707131;1584853159;705849;0.1259765625
1584853159;727671;1584853159;727694;1584853159;725731;0.1259765625
1584853159;746717;1584853159;746743;1584853159;746144;0.1259765625
1584853159;768000;1584853159;768022;1584853159;766301;0.1259765625
1584853159;786717;1584853159;786742;1584853159;785859;0.1240234375
1584853159;806512;1584853159;806542;1584853159;805681;0.1220703125
1584853159;831032;1584853159;831055;1584853159;825916;0.1201171875
1584853159;847529;1584853159;847552;1584853159;846059;0.119140625
1584853159;866284;1584853159;866365;1584853159;866084;0.1181640625
1584853159;887871;1584853159;887906;1584853159;885751;0.1181640625
1584853159;907844;1584853159;907878;1584853159;906071;0.1181640625
1584853159;927401;1584853159;927424;1584853159;925823;0.1181640625
1584853159;948487;1584853159;948599;1584853159;945936;0.1181640625
1584853159;968156;1584853159;968179;1584853159;965919;0.1181640625
1584853159;986739;1584853159;986762;1584853159;986095;0.1181640625
1584853160;5909;1584853160;5936;1584853160;5851;0.1181640625
1584853160;25735;1584853160;25767;1584853160;25679;0.1181640625
1584853160;46470;1584853160;46493;1584853160;46143;0.1171875
1584853160;67908;1584853160;68034;1584853160;66320;0.1171875
1584853160;86522;1584853160;86544;1584853160;85877;0.1171875
1584853160;105825;1584853160;105865;1584853160;105675;0.1162109375
1584853160;125941;1584853160;125965;1584853160;125895;0.1171875
1584853160;146118;1584853160;146144;1584853160;146069;0.1162109375
1584853160;177595;1584853160;177614;1584853160;166095;0.1162109375
1584853160;185808;1584853160;185828;1584853160;185767;0.1171875
1584853160;210386;1584853160;210409;1584853160;206071;0.119140625
1584853160;227519;1584853160;227541;1584853160;226052;0.1220703125
1584853160;246759;1584853160;246782;1584853160;245947;0.1240234375
1584853160;267114;1584853160;267157;1584853160;265882;0.1259765625
1584853160;287365;1584853160;287404;1584853160;286090;0.12890625
1584853160;307191;1584853160;307214;1584853160;305842;0.1298828125
1584853160;326888;1584853160;326911;1584853160;325682;0.1298828125
1584853160;347705;1584853160;347766;1584853160;346139;0.1298828125
1584853160;367895;1584853160;367924;1584853160;366325;0.1298828125
1584853160;386654;1584853160;386681;1584853160;385871;0.1298828125
1584853160;407023;1584853160;407055;1584853160;405685;0.1298828125
1584853160;428684;1584853160;428707;1584853160;425917;0.1298828125
1584853160;446844;1584853160;446868;1584853160;446295;0.1298828125
1584853160;467312;1584853160;467334;1584853160;466069;0.1298828125
1584853160;486940;1584853160;486981;1584853160;485743;0.1298828125
1584853160;506353;1584853160;506375;1584853160;506063;0.1298828125
1584853160;526322;1584853160;526369;1584853160;526047;0.1298828125
1584853160;547394;1584853160;547427;1584853160;545954;0.1298828125
1584853160;566822;1584853160;566848;1584853160;565910;0.1298828125
1584853160;587442;1584853160;587465;1584853160;586113;0.1298828125
1584853160;607265;1584853160;607287;1584853160;605864;0.1298828125
1584853160;626856;1584853160;626878;1584853160;625676;0.1298828125
1584853160;646983;1584853160;647012;1584853160;646129;0.1337890625
1584853160;667072;1584853160;667098;1584853160;666323;0.138671875
1584853160;687191;1584853160;687214;1584853160;685886;0.1435546875
1584853160;706271;1584853160;706296;1584853160;705694;0.150390625
1584853160;731986;1584853160;732108;1584853160;726079;0.1572265625
1584853160;750006;1584853160;750035;1584853160;746072;0.1640625
1584853160;766287;1584853160;766393;1584853160;765847;0.1708984375
1584853160;787034;1584853160;787073;1584853160;785732;0.177734375
1584853160;807733;1584853160;807759;1584853160;806058;0.18359375
1584853160;828783;1584853160;828831;1584853160;826050;0.1884765625
1584853160;847307;1584853160;847365;1584853160;846001;0.19140625
1584853160;867011;1584853160;867035;1584853160;865722;0.1943359375
1584853160;887547;1584853160;887583;1584853160;886088;0.1962890625
1584853160;906669;1584853160;906696;1584853160;905849;0.197265625
1584853160;926226;1584853160;926248;1584853160;925914;0.197265625
1584853160;946743;1584853160;946785;1584853160;946158;0.19921875
1584853160;968882;1584853160;968963;1584853160;966075;0.19921875
1584853160;988402;1584853160;988424;1584853160;985881;0.201171875
1584853161;7062;1584853161;7101;1584853161;5747;0.2021484375
1584853161;26429;1584853161;26451;1584853161;26149;0.205078125
1584853161;46631;1584853161;46654;1584853161;46315;0.208984375
1584853161;67412;1584853161;67444;1584853161;65828;0.212890625
1584853161;87225;1584853161;87255;1584853161;85812;0.2177734375
1584853161;109255;1584853161;109293;1584853161;106062;0.224609375
1584853161;127829;1584853161;127867;1584853161;126048;0.2314453125
1584853161;147347;1584853161;147385;1584853161;145955;0.2392578125
1584853161;167639;1584853161;167667;1584853161;165787;0.248046875
1584853161;186373;1584853161;186396;1584853161;186105;0.2568359375
1584853161;207711;1584853161;207736;1584853161;205858;0.267578125
1584853161;226206;1584853161;226229;1584853161;225882;0.2783203125
1584853161;248939;1584853161;248962;1584853161;246175;0.2890625
1584853161;267424;1584853161;267447;1584853161;266079;0.3017578125
1584853161;287160;1584853161;287182;1584853161;285870;0.3134765625
1584853161;307265;1584853161;307302;1584853161;305700;0.32421875
1584853161;327453;1584853161;327476;1584853161;326162;0.333984375
1584853161;346742;1584853161;346821;1584853161;346320;0.34375
1584853161;367124;1584853161;367147;1584853161;365865;0.3515625
1584853161;387468;1584853161;387495;1584853161;385789;0.3603515625
1584853161;407460;1584853161;407483;1584853161;406087;0.369140625
1584853161;426350;1584853161;426372;1584853161;426073;0.3798828125
1584853161;446528;1584853161;446554;1584853161;445987;0.3916015625
1584853161;466489;1584853161;466536;1584853161;465738;0.404296875
1584853161;486539;1584853161;486677;1584853161;486096;0.41796875
1584853161;507339;1584853161;507380;1584853161;505853;0.43359375
1584853161;527129;1584853161;527151;1584853161;525895;0.4501953125
1584853161;546943;1584853161;546971;1584853161;546152;0.4677734375
1584853161;567628;1584853161;567651;1584853161;566088;0.4853515625
1584853161;586892;1584853161;587120;1584853161;585887;0.5
1584853161;606564;1584853161;606591;1584853161;605724;0.509765625
1584853161;627389;1584853161;627425;1584853161;626108;0.515625
1584853161;647639;1584853161;647661;1584853161;646314;0.5166015625
1584853161;667138;1584853161;667169;1584853161;665842;0.5166015625
1584853161;686493;1584853161;686518;1584853161;685807;0.5166015625
1584853161;707300;1584853161;707332;1584853161;706081;0.5146484375
1584853161;731271;1584853161;731294;1584853161;726067;0.5087890625
1584853161;747882;1584853161;747908;1584853161;745992;0.5009765625
1584853161;766933;1584853161;766956;1584853161;765751;0.4921875
1584853161;787714;1584853161;787803;1584853161;786101;0.4814453125
1584853161;806167;1584853161;806190;1584853161;805862;0.4697265625
1584853161;826176;1584853161;826199;1584853161;825914;0.4599609375
1584853161;847031;1584853161;847054;1584853161;846150;0.447265625
1584853161;866393;1584853161;866416;1584853161;866088;0.4345703125
1584853161;887273;1584853161;887296;1584853161;885868;0.421875
1584853161;907101;1584853161;907140;1584853161;905708;0.4091796875
1584853161;926474;1584853161;926496;1584853161;926169;0.3955078125
1584853161;946868;1584853161;946920;1584853161;946318;0.3828125
1584853161;967152;1584853161;967175;1584853161;965870;0.37109375
1584853161;986536;1584853161;986561;1584853161;985784;0.3603515625
