sampleTimeStamp.seconds;sampleTimeStamp.microseconds;lat;lon;speed;accel_lon;accel_trans;accel_down
1646666550;45396;57.718742262;11.958157495;3.919986;0.9585098;1.773054;-0.07044809
1646666550;95404;57.718743024;11.958154334;3.88083;1.15312;1.779929;-0.1134457
1646666550;145481;57.718743738;11.958151157;3.84202;1.154697;1.80419;-0.09190734
1646666550;195461;57.718744402;11.958147968;3.802006;1.139854;1.707745;0.04984435
1646666550;245397;57.718745091;11.958144958;3.761051;1.1529;1.682915;0.04487512
1646666550;295393;57.718745874;11.958142354;3.717533;1.115561;1.599108;0.069827
1646666550;345418;57.718746614;11.95813975;3.672789;1.113038;1.606138;0.007068992
1646666550;395388;57.718747313;11.958137151;3.626113;1.143143;1.435926;0.1410193
1646666550;445687;57.718747974;11.958134565;3.574717;1.322725;1.173555;0.05175708
1646666550;495400;57.718748599;11.958131998;3.516832;1.343601;1.203903;0.02329117
1646666550;545454;57.718749188;11.95812946;3.448021;1.573499;1.197633;-0.07117549
1646666550;595461;57.718749741;11.95812696;3.374047;1.677509;1.048462;-0.07149138
1646666550;645450;57.71875026;11.958124504;3.294468;1.732896;0.8610789;0.09952308
1646666550;695436;57.718750749;11.958122099;3.210639;1.813136;0.9426925;-0.01546826
1646666550;745443;57.718751209;11.958119749;3.12621;1.674633;0.8366914;-0.04881218
1646666550;795448;57.718751642;11.958117455;3.045586;1.707784;0.6043946;-0.1775989
1646666550;845415;57.718752053;11.958115218;2.963748;1.540561;0.5403558;-0.1020404
1646666550;895450;57.718752445;11.95811304;2.878664;1.758447;0.4111245;-0.0553598
1646666550;945392;57.718752819;11.958110926;2.79464;1.591548;0.4077877;-0.04983402
1646666550;995508;57.718753176;11.958108874;2.711933;1.681855;0.2610452;-0.06517012
1646666551;45410;57.718753518;11.958106884;2.628503;1.595609;0.2046457;0.00826045
1646666551;95462;57.718753846;11.958104957;2.5482;1.560648;0.2174751;-0.04270083
1646666551;145495;57.718754162;11.958103089;2.472146;1.609082;0.2498098;-0.02223401
1646666551;195542;57.718754467;11.958101279;2.397928;1.475994;0.1007124;-0.08528085
1646666551;245509;57.718754758;11.958099511;2.323431;1.411065;0.1578502;-0.05470886
1646666551;295522;57.718755021;11.95809776;2.253457;1.468108;0.1438452;0.04332331
1646666551;345445;57.718755277;11.958096065;2.184177;1.331797;-0.05064726;-0.1106536
1646666551;395404;57.718755527;11.958094426;2.115906;1.237373;-0.02122291;-0.05002213
1646666551;445769;57.718755771;11.958092843;2.046201;1.358264;0.03774684;-0.2192479
1646666551;495437;57.718756011;11.958091317;1.980323;1.213633;-0.03042475;-0.05086453
1646666551;545413;57.718756247;11.958089846;1.913401;1.349217;-0.04363511;-0.15986
1646666551;595465;57.718756478;11.95808843;1.847962;1.213048;-0.08359757;-0.03543692
1646666551;645461;57.718756705;11.958087069;1.780506;1.246753;-0.01305161;-0.05369888
1646666551;695460;57.718756925;11.958085762;1.712261;1.371648;-0.06842106;-0.1600874
1646666551;745467;57.71875714;11.958084511;1.647561;1.203084;0.07543668;0.0836407
1646666551;795552;57.718757349;11.958083313;1.580041;1.389174;-0.04431071;-0.12714
1646666551;845420;57.71875755;11.958082169;1.51491;1.24001;-0.01688813;0.02399121
1646666551;895426;57.718757745;11.958081078;1.447423;1.372113;0.0166801;-0.09448446
1646666551;945423;57.718757931;11.958080041;1.381761;1.240215;-0.08064479;0.04600586
1646666551;995526;57.71875811;11.958079056;1.315908;1.369966;0.02480398;-0.1091493
1646666552;45445;57.718758279;11.958078122;1.251747;1.275051;0.01937512;-0.05825076
1646666552;95480;57.718758439;11.958077239;1.187566;1.311447;0.04040281;-0.10947
1646666552;145522;57.71875859;11.958076405;1.125441;1.226469;0.02983948;0.01357912
1646666552;195502;57.718758732;11.95807562;1.06357;1.151504;0.08555248;-0.03905602
1646666552;245459;57.718758914;11.958074875;1.000466;1.231587;0.02851577;-0.05556044
1646666552;295515;57.71875919;11.958074149;0.939526;1.214327;-0.05550996;-0.1160197
1646666552;345473;57.718759458;11.958073473;0.8777968;1.243926;-0.03010784;-0.1008226
1646666552;395523;57.718759717;11.958072846;0.8175032;1.134109;-0.005875567;0.0510329
1646666552;445809;57.718759969;11.958072268;0.7558304;1.285618;-0.03334838;-0.1549781
1646666552;495574;57.718760212;11.958071739;0.6963205;1.155214;0.05081712;0.04776345
1646666552;545508;57.718760446;11.958071258;0.6344723;1.296763;-0.04263148;-0.161441
1646666552;595469;57.718760672;11.958070826;0.5747051;1.135904;-0.00158902;-0.01746977
1646666552;645496;57.718760889;11.958070443;0.5146498;1.243419;-0.004333762;-0.1652508
1646666552;695480;57.718761097;11.958070104;0.4627205;0.9541064;-0.01388822;0.07851864
1646666552;745492;57.718761299;11.958069806;0.4164695;0.9166306;-0.04140642;-0.1438762
1646666552;795456;57.718761495;11.95806954;0.380219;0.647256;-0.012197;0.1424096
1646666552;845461;57.718761687;11.958069304;0.3430701;0.8257701;-0.04599358;-0.2035087
1646666552;895480;57.718761873;11.958069097;0.3085148;0.6510707;0.009035775;0.09292307
1646666552;945496;57.718762055;11.95806892;0.2715648;0.8159432;0.02890516;-0.179735
1646666552;995524;57.718762231;11.958068773;0.2365072;0.6607165;-0.004540577;0.065177
1646666553;45496;57.718762402;11.958068655;0.1993594;0.8515808;0.008197548;-0.1950554
1646666553;95524;57.718762567;11.958068567;0.1655142;0.6656401;0.01360677;0.1187927
1646666553;145592;57.718762727;11.958068509;0.1284227;0.8878124;0.0430944;-0.1446933
1646666553;195496;57.718762881;11.958068482;0.09509684;0.7109622;-0.01764895;0.1315095
1646666553;245500;57.718762986;11.958068468;0.06368698;0.9489114;0.02774467;-0.1559282
1646666553;295501;57.718762983;11.958068445;0.04968136;0.7780808;0.01252612;0.0506659
1646666553;345520;57.718762974;11.958068458;0.07368912;1.101223;-0.002195179;-0.1980308
1646666553;395507;57.718762958;11.95806851;0.1101196;0.6797323;-0.04753133;0.06182487
1646666553;445858;57.718762937;11.95806859;0.1303343;0.199509;0.03671126;-0.08618527
1646666553;495529;57.718762916;11.958068675;0.1207563;-0.5299976;-0.05927579;0.08334359
1646666553;545492;57.718762898;11.958068743;0.09375946;-0.6174442;0.06359392;0.03699619
1646666553;595523;57.718762884;11.958068785;0.07061728;-0.4710047;-0.08131403;-0.2074185
1646666553;645532;57.718762873;11.95806881;0.0575956;-0.2219912;0.12425;0.09783898
1646666553;695494;57.718762863;11.958068832;0.06542882;0.3164647;-0.08196132;-0.3316545
1646666553;745581;57.718762851;11.958068864;0.07414403;0.2002707;0.1073535;0.2406628
1646666553;795593;57.718762837;11.958068909;0.08626201;0.2764896;-0.1687678;-0.2017002
1646666553;845529;57.718762822;11.958068959;0.08475538;-0.2268655;0.1351264;0.3885801
1646666553;895498;57.718762808;11.958069007;0.08212281;0.04309301;-0.0647936;-0.32201
1646666553;945489;57.718762795;11.958069047;0.07056064;-0.3905072;0.2798794;0.3689007
1646666553;995593;57.718762783;11.958069084;0.07320881;0.2795823;-0.06093268;-0.4842074
1646666554;45518;57.71876277;11.95806912;0.06861473;-0.2308031;0.3192231;0.4017514
1646666554;95535;57.718762758;11.958069158;0.07614242;0.3245775;-0.09225687;-0.4359999
1646666554;145587;57.718762746;11.958069196;0.06779221;-0.3512324;0.3433701;0.5279723
1646666554;195587;57.718762734;11.958069234;0.07422253;0.34528;-0.11602;-0.4614544
1646666554;245563;57.718762697;11.95806926;0.0649947;-0.3457223;0.2777542;0.5239694
1646666554;295543;57.718762602;11.958069265;0.07233819;0.4031633;-0.1141465;-0.5534633
1646666554;345562;57.718762507;11.95806927;0.0652111;-0.3592477;0.1737015;0.4830112
1646666554;395518;57.718762412;11.958069274;0.06890645;0.3166488;-0.1344626;-0.5073084
1646666554;445842;57.718762318;11.958069277;0.05934678;-0.3684225;0.1289075;0.5127321
1646666554;495554;57.718762224;11.958069277;0.06447118;0.3885055;-0.1556905;-0.4766174
1646666554;545607;57.71876213;11.958069278;0.05777265;-0.2547721;-0.03144209;0.202679
1646666554;595529;57.718762036;11.958069279;0.058856;-0.02457195;0.02741385;0.02221162
1646666554;645557;57.718761942;11.958069281;0.05880547;0.1064106;-0.1930567;-0.2969277
1646666554;695536;57.718761848;11.958069281;0.05380963;-0.2337786;0.1982872;0.4790347
1646666554;745552;57.718761755;11.958069281;0.05692683;0.2221344;-0.1402701;-0.4059857
1646666554;795606;57.718761661;11.958069278;0.05093098;-0.2598299;0.3203657;0.3417714
1646666554;845556;57.718761568;11.95806927;0.03609831;-0.4972716;-0.158455;-0.1184109
1646666554;895574;57.71876148;11.958069239;0.01623408;-0.8444923;0.1022399;0.4237049
1646666554;945599;57.718761397;11.958069179;0.04662633;-0.668745;-0.1258405;-0.1302022
1646666554;995606;57.71876132;11.958069086;0.08734068;-0.9835685;0.1231426;0.2337481
1646666555;45596;57.718761249;11.95806896;0.1259707;-0.7277404;-0.1817489;-0.2004235
1646666555;95560;57.718761183;11.958068803;0.1655368;-0.8486654;0.07348659;0.06641605
1646666555;145602;57.718761123;11.958068616;0.2001111;-0.6911783;-0.121459;-0.2259842
1646666555;195612;57.718761068;11.958068399;0.2395098;-0.8817868;0.1063761;0.1102339
1646666555;245543;57.718761039;11.958068154;0.2748289;-0.6518968;-0.1288908;-0.1939749
1646666555;295612;57.718761067;11.958067877;0.3157667;-0.9034342;0.1257638;0.2706801
1646666555;345551;57.718761101;11.95806757;0.3534335;-0.7057287;-0.115673;-0.1175273
1646666555;395565;57.71876114;11.958067231;0.3977418;-0.9611551;0.1024586;0.2545981
1646666555;445902;57.718761186;11.958066857;0.4415222;-0.8725309;-0.1549342;0.0007627075
1646666555;495627;57.718761238;11.958066447;0.4910404;-1.036656;-0.03717339;-0.03724098
1646666555;545615;57.718761298;11.958065995;0.5456723;-1.130846;0.09871539;0.1866057
1646666555;595574;57.718761366;11.958065498;0.6049496;-1.241084;-0.03325236;0.1294964
1646666555;645582;57.718761443;11.958064953;0.6658596;-1.276467;-0.1026151;0.0180452
1646666555;695577;57.718761529;11.958064359;0.7302131;-1.300929;-0.05037307;0.005490756
1646666555;745609;57.718761623;11.958063712;0.7956708;-1.315992;-0.0225835;-0.01414359
1646666555;795654;57.718761727;11.958063013;0.8634941;-1.361566;0.02452186;0.07015388
1646666555;845572;57.71876184;11.958062259;0.931195;-1.345597;0.01803352;0.05059729
1646666555;895608;57.718761962;11.958061452;1.000266;-1.38821;0.02092441;0.05018385
1646666555;945581;57.718762093;11.958060588;1.071209;-1.393638;0.04349643;0.1653263
1646666555;995630;57.718762235;11.958059667;1.145;-1.494956;0.02694826;0.1128501
1646666556;45571;57.718762387;11.958058686;1.222366;-1.597419;0.004144719;0.1679469
1646666556;95667;57.718762551;11.958057642;1.30568;-1.749776;-0.03340314;0.04080114
1646666556;145646;57.718762726;11.958056528;1.39593;-1.822001;-0.01458492;0.09161837
1646666556;195680;57.718762915;11.95805534;1.493445;-2.019782;-0.04319959;0.2483799
1646666556;245666;57.718763124;11.958054073;1.595528;-2.010019;-0.003288073;0.1236282
1646666556;295657;57.718763359;11.958052726;1.69875;-2.12956;-0.1064838;0.06142064
1646666556;345653;57.71876361;11.958051297;1.80228;-2.025778;0.027263;0.008455322
1646666556;395615;57.718763875;11.958049786;1.907252;-2.198004;-0.04890189;0.05766726
1646666556;445889;57.718764156;11.958048191;2.012184;-2.100999;-0.04292072;0.115997
1646666556;495650;57.718764451;11.958046513;2.116541;-2.007658;0.0007538478;0.08727646
1646666556;545590;57.718764761;11.958044753;2.218393;-2.094607;0.02892686;0.04160729
1646666556;595599;57.718765086;11.958042914;2.315151;-1.837279;0.06933162;0.1040004
1646666556;645618;57.718765422;11.958040998;2.410623;-1.844005;0.09930404;0.1697979
1646666556;695617;57.718765769;11.958039006;2.502169;-1.840613;-0.02742578;0.04446762
1646666556;745633;57.718766129;11.958036943;2.591576;-1.78455;-0.03730607;0.0835433
1646666556;795630;57.718766504;11.958034809;2.680742;-1.643375;0.02718077;0.196954
1646666556;845604;57.718766891;11.958032606;2.768164;-1.709916;0.04853335;0.05072106
1646666556;895618;57.71876729;11.958030334;2.855017;-1.749827;0.1374524;0.1340299
1646666556;945624;57.718767702;11.958027992;2.943134;-1.703734;-0.1079506;0.0915046
1646666556;995649;57.718768128;11.958025581;3.033879;-1.844294;0.08947289;0.007840844
1646666557;45615;57.718768565;11.958023097;3.123538;-1.694315;-0.01645007;0.04056292
1646666557;95624;57.718769013;11.958020539;3.216629;-1.869788;-0.06849588;0.149026
1646666557;145672;57.718769474;11.958017907;3.309326;-1.808071;-0.07963008;0.1709119
1646666557;195669;57.718769948;11.958015201;3.401855;-1.739701;0.002501468;0.1693374
1646666557;245609;57.718770436;11.958012423;3.495354;-1.776842;0.04418232;0.06283432
1646666557;295665;57.718770938;11.958009571;3.589606;-1.877699;0.07610722;0.09321428
1646666557;345658;57.718771454;11.958006644;3.687391;-1.888305;-0.1634728;0.106331
1646666557;395646;57.718771986;11.958003641;3.785882;-1.967101;-0.008827799;-0.05479788
1646666557;445984;57.718772531;11.958000558;3.885177;-1.977456;0.02150839;0.09820451
1646666557;495658;57.718773089;11.957997396;3.982261;-1.824721;0.02464625;0.1541951
1646666557;545670;57.718773661;11.957994157;4.080553;-2.050314;-0.008652381;0.1376373
1646666557;595697;57.718774246;11.95799084;4.178102;-1.912153;0.01701865;-0.02460332
1646666557;645742;57.718774845;11.957987442;4.28164;-2.092249;0.179892;0.3250876
1646666557;695668;57.718775456;11.957983961;4.384507;-1.986887;0.07333695;0.09676038
1646666557;745659;57.718776081;11.957980398;4.491048;-2.190212;0.07023003;0.16415
1646666557;795715;57.718776721;11.957976749;4.595196;-2.177106;0.08647809;-0.01249834
1646666557;845633;57.718777374;11.957973018;4.696146;-1.947315;-0.002171416;0.1050434
1646666557;895650;57.718778041;11.957969211;4.785452;-1.570878;-0.1168185;-0.06413911
1646666557;945660;57.718778722;11.957965332;4.883831;-2.059803;0.1170315;-0.09306895
1646666557;995695;57.718779417;11.957961373;4.984009;-1.907451;-0.1279688;-0.02246641
1646666558;45655;57.718780127;11.957957333;5.08882;-1.992702;-0.2768698;-0.257409
1646666558;95642;57.718780855;11.95795321;5.194294;-2.114617;-0.01608168;-0.259626
1646666558;145694;57.718781597;11.957949003;5.303443;-2.175775;0.1634949;-0.2447039
1646666558;195713;57.718782353;11.957944709;5.411835;-2.299844;0.0296746;0.04208466
1646666558;245689;57.718783122;11.957940323;5.529036;-2.264194;0.009761339;0.386536
1646666558;295681;57.718783907;11.957935849;5.64008;-2.162713;-0.04646019;0.1931966
1646666558;345684;57.718784708;11.957931287;5.753431;-2.414883;0.386371;0.3670915
1646666558;395689;57.718785523;11.957926635;5.862205;-2.237096;0.09068477;0.1296146
1646666558;445990;57.718786353;11.957921894;5.971395;-1.933687;-0.191207;0.2010542
1646666558;495751;57.718787198;11.957917069;6.076645;-2.109204;-0.1742303;0.1281202
1646666558;545669;57.718788059;11.957912162;6.178421;-2.041632;-0.006220391;-0.3268931
1646666558;595715;57.718788933;11.957907175;6.279117;-2.207686;0.3005482;-0.1513072
1646666558;645692;57.71878982;11.957902109;6.374822;-1.981854;-0.08751832;-0.3124717
1646666558;695750;57.71879072;11.957896966;6.47093;-1.857674;-0.3109626;-0.1746677
1646666558;745714;57.718791634;11.957891746;6.570427;-1.994612;0.02791799;0.3382928
1646666558;795755;57.718792562;11.957886447;6.668154;-1.89055;0.03216014;0.2336864
1646666558;845705;57.718793503;11.95788107;6.767932;-2.070597;-0.01847148;0.352583
1646666558;895720;57.718794458;11.957875614;6.86424;-1.933442;-0.0804479;-0.1098254
1646666558;945687;57.718795427;11.957870082;6.961026;-2.090726;0.1375539;0.2129094
1646666558;995745;57.718796408;11.957864474;7.052433;-1.770826;-0.3037702;-0.3788412
1646666559;45678;57.718797406;11.957858795;7.146557;-1.832576;0.1106722;-0.1184717
1646666559;95685;57.718798416;11.95785304;7.238949;-1.816264;-0.05804622;-0.04677522
1646666559;145749;57.718799438;11.957847212;7.331886;-1.882634;0.07345512;0.1913924
1646666559;195724;57.718800472;11.95784131;7.420951;-1.589556;0.1339842;0.1766619
1646666559;245693;57.718801517;11.957835341;7.503785;-1.458568;-0.02457372;-0.06838903
1646666559;295723;57.718802569;11.957829312;7.577513;-1.50659;0.1292439;0.2568457
1646666559;345682;57.71880363;11.95782323;7.64062;-1.32992;-0.001301231;0.3283374
1646666559;395698;57.718804699;11.957817099;7.696391;-0.8056066;-0.1853526;0.200657
1646666559;446061;57.718805777;11.957810926;7.747325;-0.9268732;-0.005778466;0.4397461
1646666559;495676;57.71880686;11.957804713;7.796356;-0.9697844;-0.02598125;0.4875483
1646666559;545722;57.718807952;11.957798465;7.841803;-0.8339149;-0.03456162;0.2867293
1646666559;595711;57.71880905;11.957792179;7.888384;-0.9396116;-0.06807529;-0.0811997
1646666559;645753;57.718810157;11.957785857;7.935047;-1.091545;0.1663837;-0.08428219
1646666559;695758;57.718811268;11.957779498;7.978752;-0.8750178;-0.09198063;-0.2391214
1646666559;745695;57.718812385;11.957773104;8.022559;-0.8021161;-0.2094736;0.1422566
1646666559;795769;57.718813507;11.957766674;8.066351;-0.9052757;-0.09435558;0.07286965
1646666559;845715;57.718814634;11.95776021;8.108487;-0.9046215;0.1742421;0.09663893
1646666559;895715;57.718815765;11.957753711;8.151216;-0.7338373;0.02444443;0.09266179
1646666559;945767;57.718816903;11.957747177;8.197021;-0.9421503;0.1594324;0.4280184
1646666559;995772;57.718818046;11.957740609;8.236827;-0.6405057;-0.2720892;0.1493738
1646666560;45755;57.718819197;11.957734009;8.278438;-0.8955051;0.03089818;0.3788391
1646666560;95748;57.718820352;11.957727381;8.308788;-0.4741646;0.1335351;-0.01213346
1646666560;145766;57.71882151;11.957720726;8.339656;-0.4869518;0.04312119;0.1475875
1646666560;195761;57.718822673;11.957714046;8.373837;-0.807313;0.1104003;0.2268486
1646666560;245749;57.718823842;11.957707341;8.410177;-0.6785382;0.1772714;0.128892
1646666560;295738;57.718825013;11.957700611;8.446285;-0.7106909;0.04489739;0.09880541
1646666560;345716;57.718826188;11.957693851;8.483789;-0.693607;0.002213377;-0.03905606
1646666560;395727;57.718827367;11.957687062;8.518458;-0.6681007;0.1059686;0.240604
1646666560;446065;57.718828551;11.957680244;8.551568;-0.6546802;-0.05257115;0.319241
1646666560;495768;57.718829738;11.957673401;8.586079;-0.588991;-0.03352649;0.1538842
1646666560;545770;57.718830931;11.957666529;8.622181;-0.7722476;-0.2319096;0.01757306
1646666560;595715;57.71883213;11.957659627;8.66284;-0.82306;0.04258865;0.2493878
1646666560;645741;57.718833335;11.957652695;8.702814;-0.6902149;0.1170234;0.08530517
1646666560;695757;57.718834545;11.957645727;8.744218;-0.7341855;-0.1248637;-0.3680669
1646666560;745769;57.718835762;11.957638726;8.78913;-0.9392875;0.1249648;-0.05738261
1646666560;795791;57.718836985;11.957631687;8.839737;-0.7697855;0.03586259;0.07926571
1646666560;845775;57.718838215;11.957624609;8.889999;-1.180896;0.3182678;0.7564836
1646666560;895761;57.71883945;11.95761749;8.931522;-0.6402035;0.00539643;-0.4607555
1646666560;945749;57.718840692;11.95761034;8.976196;-0.7733266;-0.2422221;-0.01239209
1646666560;995781;57.718841942;11.957603157;9.01697;-0.7944298;-0.3528878;0.0428559
1646666561;45743;57.718843202;11.957595943;9.058735;-0.9086934;-0.1933178;-0.255518
1646666561;95736;57.718844471;11.957588702;9.088924;-0.6736128;-0.03172576;-0.1332885
1646666561;145816;57.718845743;11.95758143;9.134334;-0.9142693;0.1142377;0.1439188
1646666561;195802;57.71884702;11.957574126;9.174377;-0.9942642;0.5081977;0.3658292
1646666561;245788;57.718848297;11.957566785;9.211774;-0.6786137;-0.0174919;-0.1269067
1646666561;295787;57.718849578;11.957559418;9.2522;-0.6814017;-0.3569675;-0.338606
1646666561;345840;57.718850865;11.957552018;9.290478;-0.7629104;-0.2772973;0.1025205
1646666561;395763;57.718852161;11.957544587;9.340197;-1.184417;0.1991234;0.8107358
1646666561;446128;57.718853462;11.957537118;9.379828;-0.8023718;-0.5896434;-0.3957461
1646666561;495766;57.718854771;11.957529618;9.425011;-0.9366568;-0.01327511;0.1113846
1646666561;545766;57.718856087;11.957522083;9.466638;-1.007683;0.2671112;0.115238
1646666561;595771;57.718857409;11.957514515;9.506785;-0.8419622;0.1695411;-0.287795
1646666561;645765;57.718858734;11.957506913;9.547189;-0.7876744;-0.02344785;-0.3345003
1646666561;695754;57.718860064;11.957499275;9.593558;-0.8659795;0.1876944;-0.0861932
1646666561;745775;57.718861401;11.957491601;9.640034;-0.9256217;-0.05288299;0.1604948
1646666561;795865;57.718862746;11.957483892;9.686767;-0.9985169;-0.1002644;0.2308758
1646666561;845755;57.718864098;11.957476146;9.732168;-0.7845778;-0.3884065;-0.206656
1646666561;895771;57.718865457;11.957468366;9.773517;-0.855639;-0.1636181;-0.175594
1646666561;945795;57.718866824;11.957460556;9.809526;-0.940336;-0.05870843;-0.2513388
1646666561;995844;57.718868196;11.957452719;9.844275;-0.8739558;-0.06284703;-0.1031935
1646666562;45767;57.718869573;11.957444854;9.879382;-0.7384994;-0.02205174;-0.1608014
1646666562;95798;57.718870955;11.957436959;9.915777;-0.791798;-0.0656228;0.03968802
1646666562;145841;57.718872342;11.957429036;9.950811;-0.662474;-0.09655276;-0.07836297
1646666562;195840;57.718873733;11.957421085;9.987533;-0.8418716;0.07689697;-0.1752954
1646666562;245774;57.718875128;11.957413108;10.02304;-0.7767482;0.0148055;0.06198277
1646666562;295805;57.718876524;11.957405112;10.0569;-0.8207978;-0.02063882;0.04037688
1646666562;345804;57.718877924;11.957397089;10.08847;-0.8311242;-0.1151562;-0.3907268
1646666562;395801;57.718879331;11.957389042;10.11836;-0.6844991;-0.1359687;-0.1946903
1646666562;446101;57.718880743;11.95738097;10.15131;-0.6457585;0.0112321;0.180047
1646666562;495854;57.718882158;11.957372871;10.18388;-0.5784141;-0.03363542;0.1243374
1646666562;545829;57.718883577;11.957364746;10.21412;-0.5267364;-0.03231567;0.03588772
1646666562;595879;57.718884999;11.957356597;10.24426;-0.5172589;-0.03559247;0.1912367
1646666562;645849;57.718886426;11.957348423;10.27647;-0.6248381;-0.1738265;-0.07595277
1646666562;695852;57.718887859;11.957340225;10.30938;-0.5767903;0.08838453;0.07373635
1646666562;745832;57.718889297;11.957332002;10.33852;-0.3795226;0.3114709;-0.01055231
1646666562;795846;57.718890737;11.957323757;10.35908;-0.4055339;0.1837123;0.3169429
1646666562;845780;57.718892177;11.957315499;10.37551;-0.5792766;-0.1311425;0.18588
1646666562;895807;57.718893622;11.957307222;10.40407;-0.6807823;-0.1382387;0.04606444
1646666562;945798;57.718895072;11.957298921;10.4367;-0.7769775;0.1606704;-0.0216605
1646666562;995850;57.718896528;11.957290596;10.46498;-0.6006263;0.06795853;-0.02849196
1646666563;45853;57.718897988;11.957282248;10.49353;-0.4752606;-0.3516011;-0.3070889
1646666563;95831;57.718899452;11.957273877;10.52405;-0.6113067;0.06998878;0.2350643
1646666563;145856;57.718900921;11.957265483;10.55335;-0.6645511;0.06980067;0.3717782
1646666563;195880;57.718902393;11.957257065;10.58475;-0.4785917;0.102077;0.4146308
1646666563;245792;57.718903867;11.957248626;10.60881;-0.5783889;-0.03477026;0.2937975
1646666563;295849;57.718905344;11.957240175;10.64069;-0.5262114;-0.09238917;0.1829981
1646666563;345872;57.718906826;11.957231705;10.66452;-0.5710452;0.1393503;0.2358692
1646666563;395856;57.718908313;11.957223214;10.68817;-0.432624;0.05049985;0.08806421
1646666563;446174;57.718909803;11.957214709;10.70154;-0.09284098;-0.2431228;-0.4662689
1646666563;495837;57.718911293;11.957206197;10.69258;0.8942552;0.1083589;-0.5086275
1646666563;545848;57.71891277;11.957197755;10.53789;1.507012;-0.01404678;0.2207041
1646666563;595864;57.718914223;11.95718944;10.34809;3.567866;-0.1083912;0.2940242
1646666563;645812;57.718915645;11.9571813;10.11877;3.746455;0.1361646;0.6177146
1646666563;695842;57.718917035;11.957173343;9.889114;4.665256;-0.364375;0.206262
1646666563;745848;57.718918394;11.957165572;9.65607;4.685347;-0.002317208;0.3516119
1646666563;795904;57.718919722;11.957157987;9.42453;4.875669;0.1492797;0.1848789
1646666563;845854;57.718921016;11.957150586;9.189732;5.018488;0.2412766;0.02367798
1646666563;895874;57.718922273;11.957143368;8.962053;4.478369;0.32392;-0.07686111
1646666563;945885;57.7189235;11.957136332;8.731414;4.850178;0.06402233;0.2565573
1646666563;995869;57.718924696;11.957129481;8.498263;4.83911;-0.04668392;0.2879712
1646666564;45860;57.71892586;11.957122821;8.253731;5.386592;-0.02354425;0.1861099
1646666564;95856;57.718926987;11.957116357;8.004217;5.24577;-0.06200457;-0.1442139
1646666564;145892;57.718928078;11.957110089;7.756275;5.156896;-0.00568424;-0.1325286
1646666564;195915;57.718929135;11.957104025;7.498648;5.0278;-0.000824442;-0.6842644
1646666564;245838;57.718930156;11.957098167;7.246938;5.074139;0.02023268;-0.456743
1646666564;295870;57.718931138;11.957092522;6.983378;5.281409;-0.06416196;-0.6681941
1646666564;345876;57.718932084;11.957087085;6.727193;5.197826;0.1737754;-0.2527376
1646666564;395854;57.718932993;11.957081857;6.46368;5.092175;0.03870501;-0.007034114
1646666564;446148;57.718933867;11.957076834;6.204725;5.468379;-0.1759386;-0.459924
1646666564;495895;57.718934704;11.957072025;5.932513;5.402384;0.1968852;-0.02054798
1646666564;545893;57.718935503;11.957067433;5.655772;5.629744;-0.04577147;-0.2666679
1646666564;595904;57.718936263;11.957063063;5.379297;5.509354;0.02926934;-0.02048534
1646666564;645871;57.718936984;11.957058913;5.101211;5.489079;0.07412507;0.0451077
1646666564;695876;57.718937665;11.957054985;4.822407;5.533968;-0.0267795;-0.03446618
1646666564;745892;57.718938308;11.957051279;4.543774;5.549309;0.0844233;-0.2128829
1646666564;795926;57.718938912;11.957047794;4.267152;5.488881;-0.2014317;-0.1739896
1646666564;845908;57.718939477;11.957044527;3.996426;5.229799;-0.07624222;0.09622785
1646666564;895878;57.718940006;11.957041477;3.727228;5.148145;0.09921136;-0.1286748
1646666564;945837;57.718940498;11.957038633;3.480197;4.822742;0.1098193;-0.1265551
1646666564;995874;57.718940956;11.957035973;3.264597;3.854318;-0.02751538;0.1686252
1646666565;45938;57.718941387;11.957033471;3.077445;3.652316;0.04036522;-0.0433365
1646666565;95906;57.718941794;11.957031112;2.910953;3.18092;-0.06000053;0.08273579
1646666565;145933;57.71894218;11.957028882;2.747554;3.294237;-0.01518857;-0.2564071
1646666565;195909;57.718942542;11.957026782;2.586867;3.076751;0.1329601;-0.02331057
1646666565;245875;57.71894288;11.957024803;2.429303;3.168933;-0.01772779;-0.2731303
1646666565;295959;57.718943197;11.95702294;2.275998;2.941291;0.001682944;-0.09163537
1646666565;345895;57.718943494;11.9570212;2.120246;3.08031;-0.08432674;-0.4834327
1646666565;395874;57.71894377;11.957019582;1.970646;2.879175;-0.0789342;-0.2506675
1646666565;446189;57.718944024;11.957018083;1.821283;2.914211;0.003651802;-0.1542737
1646666565;495974;57.718944259;11.957016703;1.671156;3.027586;-0.08595598;-0.2744641
1646666565;545883;57.718944473;11.957015442;1.52457;2.803405;0.0491953;0.08570167
1646666565;595870;57.718944666;11.957014299;1.375255;3.000466;-0.04064871;-0.3036631
1646666565;645931;57.718944839;11.957013272;1.23114;2.747073;0.0215991;0.2014513
1646666565;695929;57.718944991;11.95701236;1.086025;2.975749;-0.01247568;-0.181909
1646666565;745930;57.718945123;11.957011562;0.9444188;2.733266;0.03786379;0.09736836
1646666565;795939;57.718945235;11.957010878;0.8004825;2.937245;-0.008465552;-0.3086692
1646666565;845935;57.718945328;11.957010308;0.659627;2.71976;0.0008700945;0.04137554
1646666565;895939;57.7189454;11.95700985;0.5172818;2.93104;0.01579027;-0.2722695
1646666565;945934;57.718945453;11.957009505;0.3779517;2.695581;-0.01889569;0.05770982
1646666565;995976;57.718945486;11.957009272;0.2346005;2.975365;0.02832825;-0.2887884
1646666566;45935;57.718945499;11.957009156;0.0798457;3.466287;0.3745224;0.7778585
1646666566;95921;57.718945491;11.957009154;0.03498987;1.510902;-0.006553691;0.1368226
1646666566;145992;57.718945473;11.957009209;0.06261725;-0.1588292;-0.09310132;0.4034857
1646666566;195990;57.718945457;11.957009256;0.02213712;-0.9512374;0.1124926;-0.009752044
1646666566;245910;57.718945448;11.957009258;0.05978352;-0.9870145;0.1768652;0.8629632
1646666566;295984;57.718945447;11.957009218;0.1271086;-1.379021;0.2676028;-0.1741428
1646666566;345982;57.718945453;11.957009136;0.1606325;-0.47879;-0.07975168;-0.08135717
1646666566;395973;57.718945462;11.957009035;0.1827405;-0.6223483;0.004986537;0.1475796
1646666566;446247;57.718945476;11.957008914;0.2079425;-0.5667167;-0.129926;0.1570624
1646666566;495984;57.718945493;11.95700877;0.2422455;-0.8036547;0.005841999;0.06622997
1646666566;545926;57.718945516;11.957008595;0.282357;-0.9259987;-0.04439191;-0.03518698
1646666566;595938;57.718945545;11.957008386;0.3255823;-0.8160298;0.06796182;-0.1132657
1646666566;645943;57.71894558;11.957008144;0.3665435;-0.8552305;-0.03094334;-0.0586357
1646666566;695956;57.71894562;11.957007869;0.4050805;-0.6729944;0.03785041;-0.1233742
1646666566;745950;57.718945666;11.957007565;0.4419947;-0.7952862;-0.08374713;-0.006650322
1646666566;795968;57.718945717;11.95700723;0.480383;-0.7427601;0.02329117;0.07216892
1646666566;845981;57.718945773;11.957006864;0.5191846;-0.8118755;-0.04785884;0.0574996
1646666566;895941;57.718945835;11.957006467;0.558708;-0.8052979;0.1012357;0.1457985
1646666566;945943;57.718945902;11.957006039;0.595216;-0.737386;-0.0712089;-0.02760611
1646666566;995984;57.718945975;11.957005582;0.6319892;-0.7413911;0.04032727;0.1060378
1646666567;45971;57.718946053;11.957005096;0.6666902;-0.675558;-0.1325481;-0.04142174
1646666567;96002;57.718946135;11.957004582;0.7032862;-0.7783142;0.04336618;0.1392342
1646666567;146026;57.718946223;11.957004039;0.7371756;-0.6100522;-0.09429923;-0.1279558
1646666567;195968;57.718946316;11.957003468;0.7741926;-0.8389512;0.1242841;0.1827252
1646666567;245969;57.718946413;11.957002867;0.8060208;-0.575995;-0.1007234;-0.1996073
1646666567;295951;57.718946517;11.957002234;0.8422375;-0.8436916;0.09007135;0.2186095
1646666567;346024;57.718946625;11.957001575;0.8740203;-0.5584939;-0.1039295;-0.1945343
1646666567;395971;57.718946738;11.957000889;0.9081548;-0.78315;0.0003353564;0.1752968
1646666567;446257;57.718946855;11.957000177;0.9386357;-0.5222145;-0.146483;-0.2220367
1646666567;496032;57.718946977;11.956999439;0.9729829;-0.7195153;0.03818175;0.2134532
1646666567;546003;57.718947103;11.956998676;1.002643;-0.5080009;-0.05466231;-0.1672207
1646666567;595965;57.718947234;11.956997888;1.036193;-0.746382;0.02770186;0.2392057
1646666567;646003;57.71894737;11.956997075;1.06551;-0.4628914;-0.01828815;-0.1642859
1646666567;696030;57.71894751;11.956996238;1.096643;-0.6780467;0.07948501;0.234036
1646666567;746024;57.718947654;11.956995377;1.123932;-0.4960739;-0.00960982;-0.1573107
1646666567;796049;57.718947802;11.956994494;1.153235;-0.5927752;0.05179876;0.1388082
1646666567;845991;57.718947954;11.956993589;1.179014;-0.4690734;0.01509249;-0.09720913
1646666567;895996;57.718948109;11.956992662;1.206657;-0.5876012;0.03378318;0.1118715
1646666567;945960;57.718948268;11.956991715;1.231168;-0.4014658;0.05937442;-0.1164137
1646666567;996050;57.71894843;11.956990748;1.256251;-0.560263;-0.08390916;0.03599047
1646666568;45975;57.718948595;11.956989761;1.278281;-0.3902343;-0.05110597;-0.0455409
1646666568;95975;57.718948764;11.956988758;1.301914;-0.511586;0.04772072;0.1200769
1646666568;146032;57.718948937;11.956987735;1.324556;-0.4233709;0.05899733;0.02556526
1646666568;196021;57.718949113;11.956986695;1.347146;-0.4877076;0.004117853;0.03395712
1646666568;246015;57.718949289;11.956985652;1.369794;-0.4163623;-0.002794235;0.05065667
1646666568;295964;57.718949461;11.956984633;1.390919;-0.422759;-0.07355896;-0.1170459
1646666568;346000;57.718949636;11.956983595;1.413175;-0.5413333;0.02929721;0.1278566
1646666568;396014;57.718949814;11.956982541;1.431279;-0.3018777;-0.07085454;-0.1486264
1646666568;446309;57.718949994;11.956981471;1.451385;-0.4876196;0.06028314;0.1017955
1646666568;496039;57.718950177;11.956980386;1.467684;-0.2109265;-0.03231907;-0.1755271
1646666568;546010;57.718950362;11.956979286;1.48728;-0.4998221;0.07360341;0.2136295
1646666568;596062;57.718950551;11.956978172;1.501977;-0.1941407;-0.06644095;-0.2484787
1646666568;646041;57.718950742;11.956977045;1.519607;-0.4245841;0.06916377;0.2142516
1646666568;696016;57.718950935;11.956975904;1.533744;-0.1951512;0.05466861;-0.1092432
1646666568;746071;57.71895113;11.956974751;1.550719;-0.3908112;0.07046435;0.2275896
1646666568;796066;57.718951326;11.956973585;1.563591;-0.1598176;0.005745075;-0.1087912
1646666568;846027;57.718951525;11.956972407;1.57875;-0.3465524;0.06044236;0.2091108
1646666568;896073;57.718951726;11.956971218;1.592122;-0.2082229;-0.008152216;-0.06531885
1646666568;946027;57.71895193;11.956970019;1.605236;-0.3212253;-0.02451745;0.05047566
1646666568;996097;57.718952135;11.956968808;1.616872;-0.1390399;0.03487989;-0.009750616
1646666569;46016;57.718952343;11.956967588;1.62947;-0.2811227;0.03285897;0.05234696
1646666569;96023;57.718952553;11.956966359;1.640691;-0.1439165;0.0006595374;-0.1212242
1646666569;146112;57.718952763;11.956965118;1.653678;-0.3052276;0.06925734;-0.003667546
1646666569;196044;57.718952975;11.956963867;1.666388;-0.210989;0.0859068;-0.05515882
1646666569;246034;57.718953187;11.956962607;1.680442;-0.3714829;0.05310556;0.1935492
1646666569;296043;57.718953401;11.956961343;1.695294;-0.2240557;-0.03136809;-0.1091466
1646666569;346002;57.718953618;11.956960066;1.715979;-0.5195188;-0.03036373;0.3393623
1646666569;396071;57.718953839;11.956958771;1.738714;-0.4740762;-0.1621606;-0.09235504
1646666569;446310;57.718954065;11.956957454;1.768705;-0.6148134;0.001821918;0.05520939
1646666569;496097;57.718954296;11.956956113;1.804721;-0.7601007;0.04457851;0.1437138
1646666569;546057;57.718954532;11.95695474;1.845846;-0.8559333;0.07662919;0.09731165
1646666569;596040;57.718954775;11.956953331;1.893078;-0.9709133;0.06750942;0.1692795
1646666569;646010;57.718955024;11.956951882;1.943188;-1.101987;0.1046413;0.1169721
1646666569;696057;57.71895528;11.956950392;1.997095;-1.118077;0.008182229;-0.002552375
1646666569;746024;57.718955544;11.956948855;2.05562;-1.158381;0.07720231;-0.04815424
1646666569;796071;57.718955815;11.956947269;2.119671;-1.376511;0.001714087;0.1015876
1646666569;846028;57.718956096;11.956945629;2.189391;-1.494308;0.0003600768;0.052744
1646666569;896059;57.718956386;11.956943932;2.262589;-1.475314;-0.00805205;-0.01364364
1646666569;946060;57.718956686;11.956942174;2.338461;-1.59744;0.01144774;0.1097989
1646666569;996092;57.718956998;11.956940355;2.413346;-1.414659;0.05448145;0.07395451
